time_s,chamber_psi,tank_psi,thrust_N,temp_C,phase
0.000,15.38,897.97,141.8,25.02,ignition
0.001,17.26,898.95,129.9,25.04,ignition
0.002,22.22,899.77,204.5,24.47,ignition
0.003,23.24,901.15,163.0,25.10,ignition
0.004,23.92,902.19,180.9,24.83,ignition
0.005,29.20,900.26,211.6,25.38,ignition
0.006,34.60,897.89,331.9,25.02,ignition
0.007,36.08,898.52,311.0,24.79,ignition
0.008,33.66,900.20,298.7,25.40,ignition
0.009,34.50,898.76,321.4,25.17,ignition
0.010,38.93,897.80,348.3,25.20,ignition
0.011,43.41,898.93,368.5,25.25,ignition
0.012,38.78,899.32,292.7,25.15,ignition
0.013,47.55,899.90,408.7,24.92,ignition
0.014,46.91,897.84,415.8,24.79,ignition
0.015,50.87,898.96,473.7,25.18,ignition
0.016,53.84,900.07,487.2,24.81,ignition
0.017,56.91,900.10,466.8,25.04,ignition
0.018,61.47,900.71,551.2,25.10,ignition
0.019,65.72,899.74,586.7,25.04,ignition
0.020,64.55,899.07,530.8,24.50,ignition
0.021,71.36,902.06,616.6,24.92,ignition
0.022,67.57,898.72,576.3,24.83,ignition
0.023,72.92,901.20,624.6,25.02,ignition
0.024,76.85,897.90,686.2,25.02,ignition
0.025,76.69,900.36,692.4,25.14,ignition
0.026,76.43,896.39,644.2,24.84,ignition
0.027,78.13,899.64,666.7,25.21,ignition
0.028,81.74,897.49,685.0,25.16,ignition
0.029,85.98,897.93,708.8,25.33,ignition
0.030,84.48,897.96,749.8,25.24,ignition
0.031,89.06,897.39,772.1,25.53,ignition
0.032,91.37,894.10,741.9,24.82,ignition
0.033,95.62,901.13,846.5,25.18,ignition
0.034,96.77,897.55,808.1,25.19,ignition
0.035,99.31,896.00,890.7,24.96,ignition
0.036,98.39,899.84,828.8,25.09,ignition
0.037,102.05,900.46,897.7,25.20,ignition
0.038,106.87,897.81,921.0,25.17,ignition
0.039,111.06,897.54,940.3,25.02,ignition
0.040,104.85,895.96,904.8,25.12,ignition
0.041,115.21,898.34,1013.9,25.08,ignition
0.042,116.72,896.18,1007.8,25.22,ignition
0.043,117.04,900.51,989.5,25.45,ignition
0.044,117.48,897.34,1026.9,24.91,ignition
0.045,117.73,898.33,1021.0,25.23,ignition
0.046,125.02,896.16,1069.2,25.42,ignition
0.047,128.48,896.53,1129.0,25.45,ignition
0.048,129.95,897.94,1115.5,24.99,ignition
0.049,130.42,895.69,1118.2,24.97,ignition
0.050,129.46,898.52,1139.1,25.26,ignition
0.051,126.67,895.99,1126.3,25.34,ignition
0.052,132.17,897.60,1180.3,25.04,ignition
0.053,136.03,895.71,1193.3,25.43,ignition
0.054,132.06,898.39,1141.0,24.91,ignition
0.055,138.97,894.80,1203.8,24.92,ignition
0.056,140.92,896.81,1243.8,24.93,ignition
0.057,143.54,896.69,1224.6,25.31,ignition
0.058,139.72,893.95,1234.3,25.11,ignition
0.059,143.09,895.56,1239.9,25.07,ignition
0.060,145.56,896.89,1283.8,25.08,ignition
0.061,145.14,895.00,1281.6,24.84,ignition
0.062,155.64,896.16,1352.7,24.77,ignition
0.063,150.69,892.45,1330.0,25.03,ignition
0.064,154.91,896.57,1345.1,25.22,ignition
0.065,154.89,894.99,1337.2,24.89,ignition
0.066,162.14,894.60,1455.9,24.87,ignition
0.067,163.06,895.11,1463.3,25.29,ignition
0.068,162.70,895.65,1396.2,25.43,ignition
0.069,155.88,895.37,1352.6,25.09,ignition
0.070,164.32,896.61,1469.0,25.02,ignition
0.071,167.88,897.43,1469.7,25.35,ignition
0.072,170.50,896.70,1474.4,25.03,ignition
0.073,167.28,895.62,1432.9,25.13,ignition
0.074,176.23,897.76,1541.6,24.97,ignition
0.075,168.43,894.44,1477.2,25.34,ignition
0.076,172.02,895.17,1509.2,25.22,ignition
0.077,178.41,891.28,1547.5,25.64,ignition
0.078,177.34,895.67,1547.1,24.96,ignition
0.079,184.78,894.88,1603.4,25.17,ignition
0.080,180.91,897.30,1554.4,25.38,ignition
0.081,180.00,894.82,1563.1,25.19,ignition
0.082,182.32,894.57,1585.0,25.52,ignition
0.083,181.71,898.88,1594.0,25.07,ignition
0.084,182.68,896.01,1560.5,25.02,ignition
0.085,189.93,894.14,1613.2,25.39,ignition
0.086,191.29,892.91,1655.0,25.51,ignition
0.087,194.92,893.20,1690.8,25.36,ignition
0.088,190.26,896.84,1651.1,25.13,ignition
0.089,199.07,895.12,1780.8,25.08,ignition
0.090,194.61,895.82,1723.1,25.25,ignition
0.091,201.66,895.49,1734.0,24.84,ignition
0.092,197.08,893.93,1705.9,25.58,ignition
0.093,197.62,894.00,1706.7,25.61,ignition
0.094,202.00,896.00,1814.8,25.38,ignition
0.095,205.77,894.35,1777.2,24.97,ignition
0.096,204.57,894.18,1791.5,25.11,ignition
0.097,203.73,894.24,1774.6,25.45,ignition
0.098,202.85,894.71,1733.7,25.28,ignition
0.099,204.05,896.56,1794.0,25.60,ignition
0.100,211.14,895.05,1851.7,25.34,ignition
0.101,213.97,895.80,1872.3,25.25,ignition
0.102,211.86,892.81,1853.0,25.67,ignition
0.103,210.48,892.86,1783.5,25.72,ignition
0.104,217.66,896.15,1917.8,25.44,ignition
0.105,212.52,894.91,1824.9,25.30,ignition
0.106,215.55,894.62,1918.0,25.12,ignition
0.107,220.86,893.82,1908.8,25.68,ignition
0.108,213.55,896.41,1850.2,25.09,ignition
0.109,222.75,894.56,1935.1,25.36,ignition
0.110,221.13,893.37,1907.0,25.73,ignition
0.111,224.48,893.30,1922.8,25.26,ignition
0.112,225.20,893.42,1968.2,25.31,ignition
0.113,227.29,895.12,1947.8,25.48,ignition
0.114,230.02,894.69,2022.2,25.01,ignition
0.115,226.90,894.51,1950.3,25.50,ignition
0.116,234.67,896.48,2058.1,25.18,ignition
0.117,233.82,894.26,2036.5,25.06,ignition
0.118,235.39,893.65,2082.3,25.20,ignition
0.119,237.56,894.51,2098.0,25.72,ignition
0.120,237.63,894.31,2098.9,25.21,ignition
0.121,238.99,890.86,2043.8,25.06,ignition
0.122,237.88,891.77,2092.3,25.48,ignition
0.123,234.55,894.39,2051.7,25.35,ignition
0.124,239.59,894.49,2134.1,25.50,ignition
0.125,238.85,892.76,2077.8,25.47,ignition
0.126,238.05,892.42,2084.7,25.06,ignition
0.127,244.24,891.05,2115.7,25.53,ignition
0.128,242.90,893.19,2112.1,25.28,ignition
0.129,242.65,893.40,2118.1,25.37,ignition
0.130,243.73,893.86,2140.3,25.32,ignition
0.131,248.78,892.21,2133.7,25.63,ignition
0.132,250.16,891.89,2202.5,25.24,ignition
0.133,254.16,894.17,2175.1,25.34,ignition
0.134,251.24,892.46,2217.9,25.26,ignition
0.135,255.50,892.75,2231.3,25.38,ignition
0.136,257.66,890.08,2277.0,25.34,ignition
0.137,257.98,891.75,2175.6,25.53,ignition
0.138,248.50,894.38,2202.0,25.27,ignition
0.139,260.34,894.36,2261.7,25.59,ignition
0.140,258.72,891.92,2263.1,25.26,ignition
0.141,260.02,892.96,2259.7,24.93,ignition
0.142,260.90,892.29,2285.6,25.55,ignition
0.143,261.97,895.26,2269.2,25.29,ignition
0.144,262.80,888.25,2260.5,25.54,ignition
0.145,261.78,891.91,2287.4,25.67,ignition
0.146,258.17,887.06,2225.8,25.49,ignition
0.147,264.55,893.04,2278.9,25.69,ignition
0.148,263.46,894.22,2267.9,25.31,ignition
0.149,270.10,891.64,2385.9,25.65,ignition
0.150,266.98,891.98,2306.2,25.08,ignition
0.151,269.08,892.46,2381.0,25.37,ignition
0.152,267.25,893.44,2315.1,25.60,ignition
0.153,269.23,888.39,2320.8,25.62,ignition
0.154,271.69,891.01,2349.9,25.53,ignition
0.155,268.22,891.95,2307.3,25.66,ignition
0.156,274.52,890.85,2363.4,25.64,ignition
0.157,274.24,890.38,2376.6,25.59,ignition
0.158,271.93,889.96,2300.1,25.47,ignition
0.159,269.22,890.82,2377.9,25.32,ignition
0.160,278.88,891.56,2412.4,25.65,ignition
0.161,277.36,892.89,2440.6,25.58,ignition
0.162,277.57,891.24,2376.2,25.51,ignition
0.163,279.36,889.67,2419.3,25.27,ignition
0.164,286.41,891.17,2456.5,25.79,ignition
0.165,281.70,892.52,2451.8,25.32,ignition
0.166,283.00,890.06,2463.8,25.15,ignition
0.167,279.15,890.69,2467.7,25.78,ignition
0.168,289.43,891.92,2526.8,25.48,ignition
0.169,288.11,889.78,2534.7,25.49,ignition
0.170,289.42,890.43,2523.1,25.53,ignition
0.171,287.22,890.63,2550.6,25.49,ignition
0.172,290.67,891.30,2506.6,25.72,ignition
0.173,289.88,887.56,2567.9,25.50,ignition
0.174,291.45,890.80,2534.7,25.58,ignition
0.175,289.98,889.75,2540.9,25.53,ignition
0.176,286.84,890.19,2495.1,25.51,ignition
0.177,295.18,891.76,2598.3,25.39,ignition
0.178,287.10,891.03,2484.4,25.67,ignition
0.179,293.00,893.52,2551.6,25.30,ignition
0.180,293.91,890.87,2604.0,25.27,ignition
0.181,292.19,887.11,2560.8,25.31,ignition
0.182,297.96,889.08,2601.8,25.54,ignition
0.183,296.31,890.50,2578.8,25.65,ignition
0.184,296.38,890.03,2550.3,25.48,ignition
0.185,300.03,891.71,2632.5,25.97,ignition
0.186,297.82,887.00,2615.5,25.61,ignition
0.187,304.18,890.36,2672.5,25.63,ignition
0.188,301.83,889.85,2627.2,25.66,ignition
0.189,300.12,889.93,2634.0,25.81,ignition
0.190,296.46,889.26,2579.5,25.65,ignition
0.191,299.12,889.11,2589.9,25.83,ignition
0.192,307.05,887.29,2687.8,25.74,ignition
0.193,304.37,892.09,2650.7,25.84,ignition
0.194,304.41,887.87,2653.4,25.42,ignition
0.195,310.92,890.77,2741.9,25.21,ignition
0.196,302.86,888.90,2642.4,25.90,ignition
0.197,305.67,888.92,2689.0,25.46,ignition
0.198,306.73,891.92,2695.5,25.71,ignition
0.199,310.61,888.76,2674.7,25.81,ignition
0.200,307.57,890.72,2694.8,25.47,burn
0.201,308.42,888.77,2683.7,25.70,burn
0.202,306.14,889.77,2675.2,25.75,burn
0.203,313.84,888.25,2712.0,25.85,burn
0.204,314.75,887.25,2752.3,25.65,burn
0.205,311.59,887.65,2743.9,25.31,burn
0.206,314.19,889.87,2720.2,25.88,burn
0.207,310.49,889.31,2713.7,25.44,burn
0.208,313.62,889.08,2745.0,25.41,burn
0.209,319.84,888.21,2770.8,25.39,burn
0.210,316.77,888.79,2772.0,25.67,burn
0.211,323.95,889.74,2833.1,25.43,burn
0.212,315.31,888.62,2737.1,25.45,burn
0.213,320.06,888.60,2772.4,25.68,burn
0.214,318.37,886.13,2790.1,25.73,burn
0.215,321.29,887.25,2777.6,25.84,burn
0.216,320.21,887.10,2763.5,25.67,burn
0.217,319.18,886.75,2795.7,25.83,burn
0.218,318.88,888.39,2759.5,25.69,burn
0.219,331.30,890.67,2877.8,25.47,burn
0.220,322.49,889.92,2816.6,25.37,burn
0.221,317.29,888.66,2774.7,25.50,burn
0.222,322.00,886.32,2835.0,25.63,burn
0.223,326.58,888.64,2848.5,25.96,burn
0.224,323.65,890.14,2809.5,25.42,burn
0.225,329.83,886.00,2852.7,25.61,burn
0.226,329.35,886.38,2831.3,25.57,burn
0.227,326.47,883.58,2868.2,25.62,burn
0.228,326.10,885.15,2835.3,25.65,burn
0.229,325.08,890.32,2847.8,25.83,burn
0.230,326.57,890.28,2849.9,25.56,burn
0.231,324.83,888.50,2823.8,25.84,burn
0.232,333.43,887.86,2847.9,25.82,burn
0.233,335.16,886.36,2898.7,26.09,burn
0.234,327.18,888.41,2851.1,25.66,burn
0.235,327.96,886.80,2883.4,25.92,burn
0.236,326.75,890.01,2866.1,25.95,burn
0.237,329.72,888.45,2889.1,25.91,burn
0.238,323.84,888.49,2820.2,25.76,burn
0.239,330.27,887.12,2864.1,25.34,burn
0.240,338.13,885.88,2922.4,25.65,burn
0.241,333.74,888.57,2918.8,25.61,burn
0.242,337.87,886.11,2950.3,25.63,burn
0.243,334.37,884.66,2899.4,25.58,burn
0.244,341.65,888.45,2986.2,25.46,burn
0.245,337.49,887.78,2890.9,25.69,burn
0.246,336.26,886.49,2934.3,26.10,burn
0.247,345.58,887.16,2980.2,25.70,burn
0.248,337.46,890.24,2948.6,25.83,burn
0.249,335.28,882.79,2895.3,26.04,burn
0.250,340.06,886.14,2943.8,25.66,burn
0.251,339.84,886.87,2934.6,25.77,burn
0.252,343.65,885.73,2991.1,25.58,burn
0.253,338.18,884.86,2967.3,25.49,burn
0.254,343.85,888.33,2986.5,25.99,burn
0.255,344.48,889.45,3004.2,25.47,burn
0.256,340.41,887.43,2981.9,25.48,burn
0.257,343.38,887.85,2960.8,25.64,burn
0.258,340.88,884.78,2997.7,25.49,burn
0.259,350.89,885.38,3082.3,25.46,burn
0.260,342.21,886.27,2974.0,25.54,burn
0.261,343.43,886.93,2990.2,25.92,burn
0.262,342.06,885.21,2949.0,26.09,burn
0.263,344.68,887.59,2986.5,25.67,burn
0.264,346.16,886.06,2993.3,26.04,burn
0.265,348.94,886.80,3070.0,25.69,burn
0.266,345.26,887.79,2997.9,25.88,burn
0.267,346.99,886.27,3001.3,25.58,burn
0.268,343.74,883.95,2990.8,26.00,burn
0.269,345.96,883.38,2987.3,25.73,burn
0.270,357.15,884.26,3048.9,25.89,burn
0.271,352.44,884.97,3051.0,25.83,burn
0.272,347.41,884.97,3065.7,25.67,burn
0.273,346.18,884.35,3058.4,25.98,burn
0.274,347.69,885.37,3022.9,26.25,burn
0.275,350.98,885.04,3077.0,25.69,burn
0.276,351.58,885.67,3059.5,26.34,burn
0.277,349.66,884.11,3010.0,25.91,burn
0.278,348.45,886.42,3045.0,26.45,burn
0.279,357.00,881.23,3150.8,25.70,burn
0.280,354.50,885.12,3084.5,25.74,burn
0.281,352.43,884.68,3027.0,26.10,burn
0.282,353.30,885.39,3104.9,26.00,burn
0.283,352.78,887.12,3047.2,25.63,burn
0.284,345.96,885.77,2977.9,25.94,burn
0.285,355.52,884.66,3078.2,25.77,burn
0.286,352.36,883.65,3038.9,26.00,burn
0.287,352.96,885.23,3088.5,25.75,burn
0.288,354.44,883.84,3112.9,25.73,burn
0.289,358.94,883.46,3083.5,25.97,burn
0.290,353.62,885.81,3068.0,25.73,burn
0.291,353.22,884.42,3097.5,25.85,burn
0.292,359.82,884.57,3126.1,25.89,burn
0.293,360.54,883.92,3180.3,26.08,burn
0.294,355.78,882.58,3107.3,25.71,burn
0.295,360.72,880.72,3135.3,25.49,burn
0.296,358.53,884.48,3124.9,25.73,burn
0.297,360.68,884.69,3159.8,25.99,burn
0.298,356.36,883.95,3102.4,25.80,burn
0.299,363.00,881.95,3129.6,25.98,burn
0.300,364.48,882.80,3157.4,25.85,burn
0.301,363.14,883.36,3147.8,26.07,burn
0.302,363.26,881.23,3201.8,25.61,burn
0.303,350.62,883.12,3035.5,26.03,burn
0.304,363.07,883.58,3124.8,26.18,burn
0.305,362.56,883.21,3158.3,25.81,burn
0.306,362.55,881.40,3153.8,26.15,burn
0.307,361.44,882.62,3138.0,26.33,burn
0.308,363.84,882.01,3172.5,26.27,burn
0.309,365.25,881.11,3169.8,26.20,burn
0.310,363.57,880.92,3158.7,26.09,burn
0.311,363.30,882.78,3180.9,26.42,burn
0.312,368.72,881.72,3245.0,25.62,burn
0.313,362.04,885.83,3156.2,26.10,burn
0.314,368.78,882.91,3207.0,25.90,burn
0.315,366.55,883.10,3187.0,26.05,burn
0.316,363.93,882.55,3149.7,26.06,burn
0.317,365.80,881.58,3174.2,25.86,burn
0.318,364.23,883.72,3133.5,25.95,burn
0.319,369.33,883.24,3216.2,26.29,burn
0.320,368.67,883.31,3204.7,25.94,burn
0.321,366.27,882.97,3216.8,26.10,burn
0.322,364.94,879.60,3124.7,25.89,burn
0.323,369.47,883.09,3254.9,25.66,burn
0.324,371.74,881.84,3246.8,26.20,burn
0.325,368.83,882.16,3218.0,26.03,burn
0.326,370.74,883.54,3218.2,25.97,burn
0.327,368.66,881.59,3187.4,26.10,burn
0.328,370.29,880.07,3182.1,25.99,burn
0.329,369.51,882.60,3222.1,25.98,burn
0.330,371.56,884.95,3195.1,25.86,burn
0.331,366.44,879.88,3243.6,26.15,burn
0.332,373.20,882.24,3261.3,26.08,burn
0.333,370.87,881.14,3197.6,26.20,burn
0.334,372.92,883.49,3252.3,25.65,burn
0.335,371.11,881.58,3210.6,25.99,burn
0.336,373.38,879.57,3222.5,25.81,burn
0.337,369.48,878.42,3213.7,26.13,burn
0.338,376.55,883.58,3239.7,26.11,burn
0.339,368.15,881.32,3213.5,25.85,burn
0.340,370.42,880.18,3252.8,26.19,burn
0.341,374.52,880.97,3274.9,26.10,burn
0.342,378.47,881.19,3274.8,26.03,burn
0.343,375.19,879.93,3252.8,25.86,burn
0.344,373.88,880.74,3256.8,26.01,burn
0.345,370.62,882.11,3236.9,26.07,burn
0.346,374.59,879.09,3279.9,26.05,burn
0.347,375.37,882.54,3287.0,25.96,burn
0.348,380.76,879.91,3310.4,26.45,burn
0.349,377.82,881.18,3285.5,25.88,burn
0.350,371.62,882.97,3259.5,25.97,burn
0.351,382.55,879.17,3308.0,26.12,burn
0.352,375.54,880.59,3257.9,26.21,burn
0.353,374.34,881.25,3233.7,26.20,burn
0.354,381.66,881.92,3292.2,26.23,burn
0.355,377.33,879.26,3281.3,26.09,burn
0.356,376.63,882.59,3272.7,25.62,burn
0.357,378.64,877.46,3266.6,25.92,burn
0.358,380.76,880.66,3338.6,26.11,burn
0.359,381.45,878.64,3305.8,25.88,burn
0.360,374.59,879.95,3244.0,26.09,burn
0.361,384.95,881.33,3335.7,26.52,burn
0.362,382.03,879.70,3302.5,26.03,burn
0.363,378.29,881.56,3277.9,25.94,burn
0.364,377.21,880.27,3301.7,26.13,burn
0.365,377.00,880.89,3310.6,26.13,burn
0.366,380.51,880.65,3338.3,26.06,burn
0.367,378.42,876.63,3309.2,25.92,burn
0.368,378.30,882.20,3299.2,26.08,burn
0.369,383.26,877.42,3340.6,26.08,burn
0.370,382.15,879.98,3344.2,26.33,burn
0.371,380.09,880.09,3312.7,25.68,burn
0.372,383.71,877.05,3352.8,25.71,burn
0.373,385.83,879.11,3355.0,26.39,burn
0.374,378.66,878.57,3291.0,26.05,burn
0.375,380.36,878.07,3326.0,26.19,burn
0.376,385.21,879.78,3334.4,25.77,burn
0.377,384.76,879.61,3399.4,26.14,burn
0.378,383.50,879.33,3283.1,26.04,burn
0.379,386.52,879.47,3307.7,26.43,burn
0.380,379.98,877.06,3284.7,26.40,burn
0.381,379.02,879.67,3309.0,26.33,burn
0.382,381.06,877.21,3287.3,26.02,burn
0.383,384.24,878.30,3370.6,26.39,burn
0.384,381.69,878.05,3328.7,25.94,burn
0.385,382.82,876.74,3323.7,26.11,burn
0.386,381.56,879.63,3283.3,26.33,burn
0.387,382.83,881.09,3372.2,25.94,burn
0.388,381.88,878.18,3344.1,26.35,burn
0.389,386.19,879.65,3353.9,26.41,burn
0.390,387.68,877.38,3404.3,26.23,burn
0.391,384.05,879.33,3322.2,26.35,burn
0.392,385.06,880.92,3336.4,26.37,burn
0.393,384.14,879.52,3325.6,26.53,burn
0.394,387.67,876.74,3410.8,26.25,burn
0.395,386.53,878.43,3399.1,26.19,burn
0.396,391.24,877.68,3393.9,26.20,burn
0.397,383.36,877.75,3348.0,26.44,burn
0.398,387.92,880.97,3391.2,26.01,burn
0.399,388.35,877.22,3366.3,26.24,burn
0.400,386.13,876.84,3363.3,26.03,burn
0.401,389.14,878.97,3408.9,26.43,burn
0.402,383.26,876.61,3316.4,26.17,burn
0.403,394.11,876.20,3439.6,26.24,burn
0.404,383.91,874.68,3312.4,26.28,burn
0.405,390.88,875.75,3391.0,25.98,burn
0.406,384.93,876.70,3365.5,26.00,burn
0.407,391.93,876.60,3386.6,26.41,burn
0.408,387.50,878.24,3391.2,26.70,burn
0.409,389.30,877.77,3391.8,26.04,burn
0.410,389.16,879.68,3377.6,26.05,burn
0.411,392.47,878.19,3403.0,26.55,burn
0.412,388.38,876.89,3393.3,26.00,burn
0.413,380.61,877.45,3336.4,26.53,burn
0.414,387.40,880.56,3382.9,26.37,burn
0.415,390.40,877.49,3381.7,26.35,burn
0.416,388.70,878.35,3384.7,26.40,burn
0.417,392.49,879.20,3468.8,25.99,burn
0.418,393.40,876.24,3399.5,26.89,burn
0.419,390.07,878.18,3392.5,26.55,burn
0.420,386.21,877.62,3398.3,26.01,burn
0.421,394.99,876.37,3418.9,26.59,burn
0.422,394.25,879.02,3369.4,26.46,burn
0.423,390.26,875.46,3390.3,26.15,burn
0.424,397.64,876.29,3469.7,26.05,burn
0.425,390.43,876.15,3402.8,26.17,burn
0.426,388.22,874.59,3362.9,26.11,burn
0.427,391.32,878.16,3401.0,26.42,burn
0.428,395.17,876.14,3459.4,26.28,burn
0.429,389.28,874.55,3385.6,26.25,burn
0.430,398.10,875.41,3462.3,26.37,burn
0.431,389.71,875.14,3379.8,26.43,burn
0.432,395.41,878.35,3447.0,26.50,burn
0.433,394.33,877.14,3442.2,26.16,burn
0.434,392.38,877.95,3407.4,26.43,burn
0.435,396.23,876.39,3424.8,25.99,burn
0.436,388.64,876.71,3376.5,26.43,burn
0.437,397.35,874.59,3430.9,26.52,burn
0.438,393.24,876.94,3432.3,26.70,burn
0.439,391.94,875.32,3421.9,26.21,burn
0.440,395.96,876.54,3434.1,26.42,burn
0.441,397.03,875.55,3456.6,26.51,burn
0.442,396.30,874.09,3433.3,26.23,burn
0.443,400.13,877.94,3447.7,26.39,burn
0.444,397.51,875.00,3464.4,26.29,burn
0.445,398.26,878.76,3522.3,26.25,burn
0.446,392.93,875.73,3390.8,26.32,burn
0.447,395.00,875.59,3438.0,26.31,burn
0.448,396.51,876.28,3473.8,26.33,burn
0.449,394.90,876.38,3437.7,26.25,burn
0.450,395.99,876.30,3507.3,26.37,burn
0.451,396.50,875.29,3467.5,26.27,burn
0.452,397.88,875.97,3451.9,26.42,burn
0.453,395.17,874.01,3506.1,26.30,burn
0.454,394.56,873.26,3423.4,26.22,burn
0.455,393.25,877.66,3408.2,26.23,burn
0.456,393.19,875.82,3451.3,26.91,burn
0.457,399.51,875.02,3492.9,26.31,burn
0.458,395.87,872.59,3457.3,26.64,burn
0.459,398.61,876.73,3448.4,26.21,burn
0.460,392.48,874.73,3442.7,26.34,burn
0.461,390.68,872.70,3394.6,26.33,burn
0.462,393.47,874.11,3447.8,26.44,burn
0.463,400.18,875.73,3469.1,26.23,burn
0.464,400.06,874.87,3470.1,26.41,burn
0.465,397.98,876.22,3482.3,26.51,burn
0.466,394.69,869.31,3438.7,26.65,burn
0.467,396.83,876.03,3454.3,26.24,burn
0.468,396.44,873.46,3450.7,26.43,burn
0.469,396.42,874.78,3435.1,25.93,burn
0.470,390.05,873.68,3394.7,26.43,burn
0.471,395.11,874.96,3471.9,26.34,burn
0.472,397.23,875.16,3493.8,26.56,burn
0.473,402.47,875.65,3516.0,26.31,burn
0.474,398.51,874.24,3464.7,26.66,burn
0.475,402.35,875.02,3502.3,26.43,burn
0.476,397.07,874.59,3438.2,26.19,burn
0.477,397.61,872.81,3478.2,26.58,burn
0.478,386.78,873.67,3386.1,26.56,burn
0.479,399.98,875.44,3507.1,26.56,burn
0.480,400.34,870.50,3494.2,26.53,burn
0.481,404.09,875.81,3529.9,26.17,burn
0.482,397.45,873.30,3453.4,26.42,burn
0.483,399.30,874.95,3516.1,26.77,burn
0.484,397.01,873.12,3445.4,26.59,burn
0.485,395.70,871.18,3483.7,26.50,burn
0.486,397.20,870.94,3418.3,26.73,burn
0.487,398.40,872.25,3450.7,26.58,burn
0.488,403.61,871.05,3525.8,26.40,burn
0.489,399.65,874.32,3505.0,26.49,burn
0.490,397.38,870.78,3472.8,26.28,burn
0.491,400.27,870.22,3481.6,26.69,burn
0.492,400.60,874.24,3475.8,26.45,burn
0.493,398.02,872.53,3448.0,26.57,burn
0.494,403.58,871.30,3505.2,26.82,burn
0.495,394.58,871.71,3438.1,26.37,burn
0.496,399.70,872.39,3463.2,26.73,burn
0.497,402.44,872.50,3485.0,26.68,burn
0.498,396.52,871.96,3438.3,26.72,burn
0.499,401.72,868.65,3510.8,26.67,burn
0.500,404.61,871.11,3522.3,,burn
0.501,402.19,870.30,3464.2,,burn
0.502,395.85,872.00,3397.2,,burn
0.503,398.83,872.81,3428.1,,burn
0.504,404.80,872.13,3542.2,,burn
0.505,402.09,871.76,3472.4,,burn
0.506,401.26,871.82,3479.1,,burn
0.507,402.70,869.16,3490.0,,burn
0.508,403.63,873.16,3557.9,,burn
0.509,399.44,873.03,3473.8,,burn
0.510,400.78,872.90,3447.7,,burn
0.511,402.17,872.19,3474.8,,burn
0.512,400.20,870.44,3468.0,,burn
0.513,401.51,871.22,3479.5,,burn
0.514,405.90,871.27,3556.8,,burn
0.515,399.18,870.32,3501.7,,burn
0.516,407.95,873.85,3536.7,,burn
0.517,407.90,872.13,3537.0,,burn
0.518,397.20,873.93,3425.8,,burn
0.519,402.01,872.91,3527.9,,burn
0.520,403.54,871.78,3531.3,26.66,burn
0.521,400.31,870.91,3481.4,26.54,burn
0.522,400.45,871.45,3450.1,26.22,burn
0.523,402.05,870.49,3486.7,26.61,burn
0.524,405.06,869.78,3452.9,26.56,burn
0.525,401.39,869.66,3494.5,26.71,burn
0.526,408.48,871.53,3568.2,26.24,burn
0.527,403.95,869.12,3537.0,26.86,burn
0.528,402.85,870.69,3507.9,26.64,burn
0.529,407.59,868.77,3572.4,26.70,burn
0.530,405.20,872.68,3561.5,26.66,burn
0.531,404.50,870.61,3476.3,26.46,burn
0.532,402.48,870.41,3522.3,26.49,burn
0.533,408.99,871.06,3603.0,26.76,burn
0.534,406.06,870.02,3482.0,26.52,burn
0.535,403.09,868.54,3544.8,26.21,burn
0.536,399.04,869.82,3435.5,26.62,burn
0.537,404.97,872.67,3506.4,26.66,burn
0.538,400.49,870.86,3459.0,26.66,burn
0.539,398.85,872.05,3425.2,26.77,burn
0.540,403.23,874.06,3492.5,26.78,burn
0.541,404.99,870.63,3538.4,26.40,burn
0.542,408.06,869.92,3583.2,26.41,burn
0.543,405.13,872.06,3498.9,26.60,burn
0.544,406.78,870.19,3595.0,26.89,burn
0.545,400.75,868.48,3504.8,26.18,burn
0.546,404.43,867.98,3532.0,26.36,burn
0.547,404.94,868.87,3504.6,26.81,burn
0.548,407.22,870.25,3523.3,26.89,burn
0.549,405.06,869.29,3493.9,26.67,burn
0.550,407.19,869.17,3530.3,27.06,burn
0.551,403.33,867.94,3483.2,26.54,burn
0.552,405.98,868.91,3476.0,26.77,burn
0.553,406.22,869.69,3548.2,26.88,burn
0.554,401.30,866.79,3490.6,26.49,burn
0.555,405.64,868.22,3523.2,26.75,burn
0.556,404.22,872.66,3516.5,26.77,burn
0.557,399.53,871.02,3478.6,26.55,burn
0.558,408.18,871.25,3530.5,26.67,burn
0.559,404.29,866.17,3553.5,26.67,burn
0.560,402.88,869.00,3519.1,26.46,burn
0.561,404.37,869.87,3520.3,26.66,burn
0.562,405.98,869.01,3528.0,26.46,burn
0.563,410.15,870.33,3538.1,26.40,burn
0.564,405.19,869.57,3532.2,26.47,burn
0.565,407.17,869.79,3568.9,26.52,burn
0.566,409.93,870.42,3605.8,26.72,burn
0.567,407.47,866.22,3544.3,26.51,burn
0.568,409.14,869.28,3583.5,26.50,burn
0.569,404.56,866.95,3501.3,26.99,burn
0.570,408.36,869.31,3543.8,26.61,burn
0.571,405.94,870.56,3522.1,26.98,burn
0.572,409.39,868.42,3581.9,26.74,burn
0.573,403.22,866.09,3535.0,26.72,burn
0.574,403.95,866.37,3507.2,26.70,burn
0.575,410.15,868.31,3567.2,27.08,burn
0.576,405.81,867.38,3587.4,26.63,burn
0.577,405.38,870.67,3513.4,26.27,burn
0.578,406.75,867.77,3504.5,26.55,burn
0.579,404.50,870.92,3518.7,26.89,burn
0.580,410.62,868.08,3565.0,26.85,burn
0.581,402.94,866.38,3516.3,26.88,burn
0.582,406.29,871.34,3545.6,26.55,burn
0.583,407.84,867.49,3543.4,26.63,burn
0.584,406.54,870.12,3546.5,26.52,burn
0.585,404.50,870.05,3533.6,26.83,burn
0.586,404.35,867.55,3506.4,26.84,burn
0.587,408.29,868.76,3521.7,27.06,burn
0.588,403.97,869.14,3488.0,26.84,burn
0.589,409.06,869.69,3600.9,26.86,burn
0.590,402.60,867.16,3554.7,26.74,burn
0.591,405.56,865.88,3541.1,26.32,burn
0.592,407.38,869.19,3586.8,26.77,burn
0.593,403.57,868.28,3495.4,26.85,burn
0.594,409.33,864.54,3547.7,26.85,burn
0.595,407.37,868.88,3561.2,26.92,burn
0.596,404.37,865.16,3506.3,26.68,burn
0.597,402.97,866.64,3486.4,27.09,burn
0.598,402.88,866.23,3485.2,26.79,burn
0.599,407.78,866.64,3536.8,26.84,burn
0.600,404.20,866.96,3505.2,27.07,burn
0.601,403.63,865.55,3534.4,26.82,burn
0.602,407.08,868.44,3495.1,26.65,burn
0.603,414.65,867.68,3575.6,26.72,burn
0.604,408.70,867.75,3479.7,26.65,burn
0.605,410.20,868.64,3560.2,27.00,burn
0.606,408.60,868.57,3540.8,26.65,burn
0.607,410.36,866.93,3577.4,26.67,burn
0.608,404.02,866.86,3511.1,26.58,burn
0.609,406.81,865.66,3556.0,26.85,burn
0.610,408.93,867.07,3552.2,27.01,burn
0.611,408.14,865.96,3528.2,27.03,burn
0.612,407.66,863.74,3538.3,26.75,burn
0.613,406.28,866.97,3548.9,27.15,burn
0.614,407.55,864.69,3569.7,26.59,burn
0.615,406.05,868.41,3476.7,26.83,burn
0.616,401.15,868.91,3466.3,26.95,burn
0.617,404.88,867.21,3535.9,26.89,burn
0.618,409.93,864.46,3583.2,26.74,burn
0.619,413.22,866.10,3596.4,27.06,burn
0.620,414.03,864.38,3595.4,26.87,burn
0.621,408.92,864.72,3573.7,27.05,burn
0.622,411.35,864.45,3570.0,26.65,burn
0.623,411.44,865.56,3564.5,27.03,burn
0.624,406.68,865.84,3544.5,27.22,burn
0.625,403.70,865.52,3546.2,26.74,burn
0.626,408.93,866.04,3596.5,27.01,burn
0.627,403.59,863.99,3548.1,26.95,burn
0.628,407.96,867.15,3557.7,26.71,burn
0.629,410.79,866.99,3521.2,26.96,burn
0.630,404.74,864.43,3522.8,26.75,burn
0.631,409.14,865.94,3573.4,26.60,burn
0.632,412.80,864.27,3555.1,27.00,burn
0.633,410.21,863.94,3541.2,27.00,burn
0.634,410.73,865.05,3605.3,26.63,burn
0.635,411.92,866.49,3573.3,26.84,burn
0.636,414.44,864.66,3622.0,26.58,burn
0.637,409.73,865.39,3589.7,26.88,burn
0.638,413.00,865.35,3587.6,26.92,burn
0.639,409.16,862.85,3593.4,26.99,burn
0.640,407.75,860.53,3535.6,27.28,burn
0.641,410.37,862.60,3557.5,26.65,burn
0.642,407.65,863.78,3517.3,26.63,burn
0.643,407.78,863.42,3543.8,26.75,burn
0.644,407.71,863.15,3541.5,26.78,burn
0.645,402.69,861.80,3500.6,26.82,burn
0.646,409.93,864.80,3574.9,26.87,burn
0.647,405.85,865.98,3521.2,26.82,burn
0.648,409.36,866.41,3584.1,27.11,burn
0.649,414.07,865.15,3590.8,26.56,burn
0.650,408.19,863.10,3510.1,26.85,burn
0.651,408.16,864.98,3576.7,26.53,burn
0.652,413.91,861.36,3620.8,26.70,burn
0.653,411.49,865.41,3544.8,27.16,burn
0.654,412.82,865.34,3559.3,27.16,burn
0.655,408.86,862.68,3593.3,26.97,burn
0.656,412.20,864.35,3587.8,26.98,burn
0.657,407.93,864.33,3529.3,26.75,burn
0.658,408.00,864.02,3514.2,26.95,burn
0.659,411.84,866.46,3582.9,27.03,burn
0.660,408.29,863.91,3544.5,26.89,burn
0.661,412.42,861.84,3605.6,27.13,burn
0.662,417.33,861.81,3626.3,27.20,burn
0.663,405.13,865.22,3516.5,26.90,burn
0.664,407.96,861.09,3513.3,27.16,burn
0.665,413.61,863.72,3553.2,27.03,burn
0.666,409.85,861.03,3576.0,26.74,burn
0.667,413.80,864.17,3591.4,27.06,burn
0.668,407.31,863.07,3581.4,27.02,burn
0.669,411.37,864.71,3578.3,27.43,burn
0.670,409.95,860.92,3527.3,26.93,burn
0.671,410.86,860.85,3546.0,26.86,burn
0.672,411.46,862.59,3594.8,26.97,burn
0.673,406.84,862.14,3513.1,26.87,burn
0.674,407.30,864.74,3540.8,27.54,burn
0.675,414.75,862.70,3601.3,26.86,burn
0.676,411.47,862.88,3605.2,27.25,burn
0.677,410.93,862.30,3560.2,26.78,burn
0.678,410.51,864.72,3565.9,27.03,burn
0.679,411.74,859.33,3544.3,27.40,burn
0.680,407.23,862.31,3542.1,27.51,burn
0.681,407.73,860.48,3563.1,26.76,burn
0.682,414.67,860.02,3603.8,27.01,burn
0.683,411.24,865.26,3572.0,27.24,burn
0.684,413.37,864.30,3587.6,27.11,burn
0.685,409.03,863.81,3573.3,27.00,burn
0.686,415.00,861.01,3595.2,26.91,burn
0.687,411.93,862.96,3551.7,27.05,burn
0.688,412.37,862.88,3533.8,26.96,burn
0.689,412.60,862.16,3565.6,27.35,burn
0.690,408.59,863.05,3514.7,27.06,burn
0.691,405.41,863.70,3543.2,27.12,burn
0.692,407.81,863.06,3514.2,26.90,burn
0.693,415.95,863.82,3607.4,27.31,burn
0.694,414.99,863.48,3616.3,26.95,burn
0.695,410.07,861.39,3548.5,27.25,burn
0.696,410.23,862.62,3576.3,26.94,burn
0.697,414.27,859.92,3606.9,26.98,burn
0.698,410.68,859.20,3570.0,27.27,burn
0.699,407.32,863.18,3530.4,26.81,burn
0.700,415.04,860.16,3579.8,26.99,burn
0.701,412.70,861.91,3527.0,27.23,burn
0.702,403.74,860.34,3487.5,27.18,burn
0.703,410.37,861.39,3579.3,26.95,burn
0.704,411.77,863.26,3534.0,27.03,burn
0.705,412.81,863.10,3577.2,26.94,burn
0.706,411.84,860.96,3575.4,27.50,burn
0.707,409.50,861.89,3561.8,27.05,burn
0.708,411.09,860.72,3574.1,27.04,burn
0.709,412.34,861.76,3596.5,27.05,burn
0.710,410.68,859.47,3539.8,27.11,burn
0.711,410.39,862.28,3605.7,27.46,burn
0.712,415.28,861.45,3642.1,27.26,burn
0.713,408.71,859.66,3581.4,27.39,burn
0.714,410.53,862.50,3576.9,27.21,burn
0.715,405.50,860.10,3535.6,27.24,burn
0.716,413.24,858.67,3547.5,27.25,burn
0.717,414.13,860.53,3580.8,27.02,burn
0.718,413.31,860.90,3550.1,27.39,burn
0.719,414.44,861.63,3605.5,27.08,burn
0.720,413.03,860.19,3571.6,27.31,burn
0.721,412.76,862.01,3578.5,26.97,burn
0.722,413.17,860.91,3618.9,26.89,burn
0.723,410.97,859.15,3570.1,27.16,burn
0.724,415.36,859.91,3629.0,27.00,burn
0.725,410.77,862.31,3563.8,27.67,burn
0.726,407.45,857.36,3581.5,26.88,burn
0.727,414.41,861.91,3593.7,27.19,burn
0.728,417.43,858.95,3616.3,27.14,burn
0.729,409.02,861.20,3536.5,26.75,burn
0.730,411.62,859.16,3594.6,27.17,burn
0.731,409.88,861.11,3580.4,27.05,burn
0.732,410.82,860.79,3609.0,27.29,burn
0.733,412.12,856.93,3551.6,27.00,burn
0.734,408.28,856.99,3550.0,27.57,burn
0.735,411.19,858.93,3561.5,27.25,burn
0.736,407.64,857.81,3567.7,26.99,burn
0.737,410.36,857.89,3584.6,26.99,burn
0.738,408.52,860.60,3533.2,27.30,burn
0.739,408.92,858.53,3562.8,26.91,burn
0.740,406.96,858.26,3529.8,27.37,burn
0.741,415.80,858.44,3577.9,27.16,burn
0.742,413.68,857.52,3604.6,27.27,burn
0.743,406.42,858.30,3506.0,26.94,burn
0.744,410.40,857.74,3600.4,27.22,burn
0.745,410.20,861.54,3591.7,27.67,burn
0.746,410.16,860.99,3569.7,27.59,burn
0.747,407.91,859.03,3547.4,27.48,burn
0.748,414.53,860.66,3631.6,27.19,burn
0.749,411.10,859.82,3588.2,27.43,burn
0.750,413.71,858.49,3574.6,27.32,burn
0.751,413.90,858.65,3591.8,27.00,burn
0.752,416.47,858.42,3627.6,27.23,burn
0.753,406.91,861.13,3528.6,26.69,burn
0.754,417.59,860.04,3638.5,27.36,burn
0.755,416.20,857.89,3614.6,27.44,burn
0.756,414.13,856.92,3618.1,27.57,burn
0.757,419.58,856.99,3676.8,27.41,burn
0.758,413.06,858.50,3577.3,27.43,burn
0.759,414.93,859.06,3625.6,27.06,burn
0.760,410.26,858.70,3546.5,27.49,burn
0.761,415.90,856.84,3636.1,27.41,burn
0.762,413.02,858.43,3571.6,27.46,burn
0.763,411.17,859.25,3585.9,27.46,burn
0.764,418.90,854.91,3626.2,27.17,burn
0.765,411.65,856.33,3555.9,27.29,burn
0.766,412.60,856.24,3599.4,27.33,burn
0.767,412.00,857.04,3578.7,27.26,burn
0.768,410.34,857.43,3596.2,27.46,burn
0.769,414.22,856.55,3562.9,27.44,burn
0.770,414.86,857.66,3593.8,27.18,burn
0.771,413.72,853.40,3582.6,27.52,burn
0.772,405.59,857.71,3536.3,27.29,burn
0.773,415.71,856.20,3562.8,27.35,burn
0.774,411.65,859.93,3572.5,27.29,burn
0.775,409.07,854.96,3592.9,27.28,burn
0.776,414.54,855.32,3603.5,27.08,burn
0.777,414.44,855.88,3602.1,27.24,burn
0.778,409.63,859.01,3566.2,27.31,burn
0.779,420.20,855.00,3651.1,27.73,burn
0.780,409.16,857.28,3571.4,27.56,burn
0.781,407.61,858.66,3512.7,27.28,burn
0.782,409.36,857.33,3545.9,27.38,burn
0.783,417.10,854.83,3633.5,27.55,burn
0.784,412.32,856.77,3579.7,27.70,burn
0.785,411.75,856.63,3545.6,27.73,burn
0.786,412.69,856.22,3636.5,27.49,burn
0.787,411.10,855.52,3597.7,27.16,burn
0.788,410.84,857.64,3567.2,27.56,burn
0.789,411.00,856.92,3592.6,27.20,burn
0.790,415.06,858.01,3596.5,27.69,burn
0.791,416.01,857.80,3652.1,27.40,burn
0.792,409.80,855.24,3546.1,27.25,burn
0.793,413.69,855.48,3578.8,27.23,burn
0.794,415.35,858.99,3568.8,27.48,burn
0.795,409.76,852.98,3583.1,27.43,burn
0.796,411.51,858.16,3590.3,27.62,burn
0.797,409.92,858.56,3582.3,27.11,burn
0.798,409.17,856.14,3546.2,27.47,burn
0.799,413.36,856.94,3562.4,27.63,burn
0.800,410.86,860.60,3621.9,27.17,burn
0.801,414.98,854.69,3609.2,27.34,burn
0.802,413.01,857.61,3579.5,27.38,burn
0.803,414.34,856.76,3619.9,27.54,burn
0.804,412.24,855.03,3583.0,27.37,burn
0.805,411.23,857.30,3567.1,27.29,burn
0.806,412.87,856.83,3560.5,27.68,burn
0.807,413.14,854.84,3633.4,27.39,burn
0.808,411.05,857.48,3600.0,27.81,burn
0.809,414.46,854.83,3632.1,27.56,burn
0.810,415.43,855.43,3592.0,27.56,burn
0.811,413.68,855.87,3599.6,27.46,burn
0.812,418.36,858.06,3644.4,27.62,burn
0.813,411.33,857.36,3546.1,27.72,burn
0.814,414.80,856.69,3639.4,27.58,burn
0.815,412.03,854.81,3614.7,27.57,burn
0.816,413.97,856.81,3602.8,27.39,burn
0.817,410.79,852.47,3581.8,27.53,burn
0.818,416.63,853.76,3594.7,27.94,burn
0.819,413.83,856.56,3555.8,27.72,burn
0.820,416.89,856.12,3651.8,27.52,burn
0.821,409.52,857.17,3585.4,27.53,burn
0.822,411.85,857.15,3574.0,27.45,burn
0.823,410.67,854.51,3557.2,27.39,burn
0.824,411.76,853.03,3598.5,27.48,burn
0.825,411.29,852.42,3565.8,27.48,burn
0.826,413.01,855.35,3570.4,27.52,burn
0.827,413.34,855.29,3561.7,27.57,burn
0.828,413.27,857.94,3615.9,27.68,burn
0.829,411.74,854.11,3569.2,27.42,burn
0.830,413.98,855.79,3588.7,27.55,burn
0.831,416.06,857.77,3611.7,27.42,burn
0.832,410.73,855.57,3516.6,27.32,burn
0.833,413.45,857.73,3530.6,27.45,burn
0.834,413.24,856.06,3606.8,27.50,burn
0.835,414.88,853.07,3614.5,27.63,burn
0.836,413.29,852.19,3626.3,27.32,burn
0.837,413.44,854.25,3644.4,27.77,burn
0.838,410.53,855.38,3592.7,27.51,burn
0.839,413.58,853.39,3581.4,27.61,burn
0.840,410.76,855.71,3578.5,27.45,burn
0.841,415.08,854.35,3626.8,27.54,burn
0.842,413.23,853.53,3632.2,27.28,burn
0.843,413.67,853.50,3617.3,27.54,burn
0.844,410.89,853.23,3582.1,27.46,burn
0.845,415.98,853.39,3616.1,27.59,burn
0.846,415.66,853.27,3619.1,27.60,burn
0.847,416.17,854.20,3638.3,27.92,burn
0.848,420.28,851.41,3656.8,27.68,burn
0.849,413.45,852.51,3609.9,27.38,burn
0.850,417.23,851.67,3637.1,27.48,burn
0.851,413.25,850.50,3613.2,27.46,burn
0.852,414.82,853.00,3625.1,27.96,burn
0.853,414.74,849.03,3602.0,27.30,burn
0.854,414.45,850.86,3590.7,27.61,burn
0.855,415.64,851.99,3623.2,27.23,burn
0.856,412.76,850.40,3616.3,27.08,burn
0.857,413.80,852.78,3600.8,27.66,burn
0.858,415.29,854.25,3651.2,27.37,burn
0.859,418.94,852.45,3664.6,27.36,burn
0.860,411.18,850.88,3617.7,27.54,burn
0.861,408.30,854.04,3577.1,27.54,burn
0.862,412.27,853.45,3574.9,27.52,burn
0.863,414.00,850.62,3564.5,27.56,burn
0.864,414.26,853.62,3621.1,27.29,burn
0.865,414.02,852.41,3638.3,27.50,burn
0.866,417.30,852.44,3604.0,27.62,burn
0.867,416.69,851.77,3578.0,27.68,burn
0.868,413.62,851.38,3621.9,27.30,burn
0.869,412.37,850.93,3547.3,27.74,burn
0.870,412.75,852.13,3620.1,27.55,burn
0.871,412.73,851.12,3598.0,27.25,burn
0.872,413.13,851.34,3586.0,27.46,burn
0.873,409.10,852.71,3535.7,27.65,burn
0.874,412.44,851.47,3601.7,27.51,burn
0.875,412.55,849.82,3579.8,27.45,burn
0.876,413.27,850.37,3658.7,27.47,burn
0.877,413.08,853.11,3628.4,27.76,burn
0.878,415.87,854.13,3599.1,27.58,burn
0.879,412.26,851.55,3554.4,27.44,burn
0.880,412.55,851.01,3569.9,27.80,burn
0.881,415.50,850.94,3640.2,27.47,burn
0.882,413.18,851.93,3615.1,27.77,burn
0.883,414.54,851.46,3612.3,27.62,burn
0.884,415.90,855.05,3636.2,27.81,burn
0.885,415.17,851.11,3603.4,27.69,burn
0.886,414.66,851.09,3607.8,27.75,burn
0.887,413.33,852.05,3627.7,27.86,burn
0.888,415.97,852.83,3655.7,28.07,burn
0.889,414.46,850.49,3562.7,27.67,burn
0.890,412.43,849.94,3552.2,27.67,burn
0.891,413.49,851.06,3567.2,27.60,burn
0.892,410.30,851.24,3562.8,28.00,burn
0.893,411.08,850.81,3577.2,27.76,burn
0.894,408.32,853.62,3588.9,27.71,burn
0.895,411.94,851.72,3624.1,27.31,burn
0.896,417.99,852.71,3652.6,28.04,burn
0.897,412.32,852.42,3608.2,27.87,burn
0.898,416.36,848.33,3647.0,27.60,burn
0.899,413.99,849.56,3570.4,27.90,burn
0.900,411.91,850.23,3594.8,27.67,burn
0.901,418.03,850.57,3639.2,27.53,burn
0.902,415.77,850.76,3655.5,27.66,burn
0.903,408.77,849.02,3594.6,27.96,burn
0.904,417.16,851.02,3599.1,27.63,burn
0.905,410.82,848.76,3578.4,27.94,burn
0.906,413.51,851.11,3582.4,27.94,burn
0.907,416.06,852.16,3620.0,27.77,burn
0.908,413.16,850.47,3595.4,27.60,burn
0.909,417.42,850.47,3635.8,27.86,burn
0.910,416.36,853.36,3597.5,27.82,burn
0.911,409.35,850.10,3580.9,27.96,burn
0.912,412.67,848.85,3615.1,27.78,burn
0.913,414.94,848.43,3657.4,27.73,burn
0.914,412.37,848.97,3587.9,27.83,burn
0.915,413.45,850.28,3609.6,27.79,burn
0.916,416.51,848.64,3581.2,27.59,burn
0.917,415.07,850.98,3632.0,27.81,burn
0.918,411.36,848.62,3598.9,27.75,burn
0.919,414.65,847.75,3562.1,27.59,burn
0.920,412.30,848.54,3599.0,27.81,burn
0.921,410.49,849.95,3598.7,27.96,burn
0.922,410.75,848.93,3565.9,27.73,burn
0.923,415.01,850.01,3595.3,27.71,burn
0.924,414.07,849.95,3591.6,27.88,burn
0.925,414.18,852.13,3602.6,28.00,burn
0.926,410.73,851.89,3531.3,27.65,burn
0.927,413.62,849.63,3637.1,27.68,burn
0.928,411.07,850.40,3613.0,27.90,burn
0.929,411.40,849.27,3599.1,27.42,burn
0.930,413.69,847.88,3578.7,27.76,burn
0.931,410.04,850.21,3612.0,27.53,burn
0.932,416.21,846.46,3632.1,27.64,burn
0.933,421.66,853.38,3686.3,27.93,burn
0.934,415.59,847.87,3653.7,27.47,burn
0.935,411.09,847.78,3585.5,27.53,burn
0.936,413.41,848.18,3615.9,27.88,burn
0.937,409.56,847.75,3569.1,28.00,burn
0.938,413.10,845.24,3613.6,27.59,burn
0.939,415.76,850.76,3586.1,27.94,burn
0.940,416.01,846.97,3601.0,27.62,burn
0.941,411.15,846.61,3610.6,27.91,burn
0.942,415.15,847.16,3662.0,28.00,burn
0.943,417.72,848.73,3619.3,27.75,burn
0.944,419.53,849.95,3666.1,27.68,burn
0.945,412.16,848.45,3612.1,27.79,burn
0.946,411.68,850.73,3563.8,27.74,burn
0.947,414.44,849.83,3589.1,28.00,burn
0.948,405.50,847.74,3534.4,27.50,burn
0.949,412.69,846.30,3557.2,27.94,burn
0.950,413.48,849.18,3550.7,27.85,burn
0.951,412.92,847.84,3591.5,27.98,burn
0.952,409.55,848.21,3590.0,27.78,burn
0.953,413.57,848.52,3574.4,27.84,burn
0.954,411.98,847.86,3578.1,27.95,burn
0.955,416.59,847.01,3545.6,27.85,burn
0.956,411.56,846.04,3551.2,27.79,burn
0.957,413.47,849.56,3589.9,27.90,burn
0.958,413.63,848.24,3621.2,28.01,burn
0.959,416.03,848.26,3571.6,27.99,burn
0.960,406.70,846.26,3553.9,27.50,burn
0.961,413.32,848.18,3612.2,28.21,burn
0.962,416.62,845.67,3651.2,27.85,burn
0.963,413.26,845.95,3556.9,27.74,burn
0.964,409.77,849.27,3561.5,27.76,burn
0.965,415.34,849.95,3638.8,27.82,burn
0.966,415.37,848.16,3618.4,28.10,burn
0.967,413.55,844.00,3598.5,28.23,burn
0.968,410.89,847.63,3577.7,27.98,burn
0.969,412.15,845.14,3587.9,28.07,burn
0.970,413.44,847.71,3584.2,27.99,burn
0.971,411.76,848.77,3538.8,28.45,burn
0.972,408.63,846.37,3529.3,27.84,burn
0.973,412.08,843.82,3589.3,28.17,burn
0.974,414.21,845.99,3584.6,27.90,burn
0.975,412.88,844.76,3535.5,27.93,burn
0.976,414.18,846.19,3625.6,28.17,burn
0.977,414.66,845.59,3586.7,27.92,burn
0.978,417.10,848.47,3668.3,27.82,burn
0.979,421.03,842.73,3687.3,27.86,burn
0.980,416.61,845.08,3615.7,27.85,burn
0.981,410.21,845.42,3542.5,27.84,burn
0.982,406.46,844.94,3507.4,27.78,burn
0.983,414.15,845.74,3632.3,27.82,burn
0.984,414.65,846.45,3615.8,28.49,burn
0.985,410.95,848.60,3565.7,27.82,burn
0.986,415.26,845.74,3670.4,28.12,burn
0.987,412.14,842.83,3561.7,27.98,burn
0.988,415.66,845.42,3570.3,28.14,burn
0.989,413.48,844.97,3621.2,27.63,burn
0.990,415.65,846.98,3610.7,27.78,burn
0.991,409.23,845.11,3590.0,27.98,burn
0.992,413.15,847.33,3590.0,28.03,burn
0.993,414.02,843.24,3659.8,27.78,burn
0.994,410.20,841.88,3561.4,28.01,burn
0.995,420.12,846.10,3660.4,28.13,burn
0.996,412.85,847.04,3613.3,28.20,burn
0.997,418.65,844.20,3666.7,27.92,burn
0.998,412.49,845.87,3601.6,27.80,burn
0.999,413.80,844.66,3571.4,27.81,burn
1.000,418.04,848.08,3654.4,27.91,burn
1.001,415.41,846.45,3589.6,28.25,burn
1.002,415.07,845.33,3628.9,27.95,burn
1.003,415.30,845.11,3592.9,27.86,burn
1.004,410.41,847.18,3567.6,27.57,burn
1.005,413.34,845.00,3572.3,27.56,burn
1.006,411.64,845.00,3552.6,27.86,burn
1.007,415.11,844.78,3643.3,27.49,burn
1.008,412.89,845.31,3569.4,28.26,burn
1.009,414.39,848.12,3611.5,27.90,burn
1.010,414.29,844.05,3564.1,27.88,burn
1.011,414.42,845.57,3612.3,28.22,burn
1.012,414.43,842.95,3624.5,28.02,burn
1.013,412.58,844.78,3579.1,28.27,burn
1.014,411.37,841.73,3569.4,28.13,burn
1.015,412.55,846.54,3607.8,28.09,burn
1.016,417.76,845.60,3634.2,27.92,burn
1.017,415.67,844.22,3633.3,28.15,burn
1.018,416.31,842.19,3599.5,27.91,burn
1.019,418.69,847.24,3668.1,27.93,burn
1.020,411.02,846.71,3567.1,27.89,burn
1.021,416.09,842.18,3619.7,27.92,burn
1.022,411.34,842.75,3580.7,28.23,burn
1.023,413.56,842.75,3589.8,28.14,burn
1.024,416.02,842.82,3612.4,28.19,burn
1.025,419.41,843.08,3664.2,27.88,burn
1.026,412.23,843.92,3545.6,27.66,burn
1.027,414.29,841.72,3616.3,28.58,burn
1.028,418.05,844.94,3606.4,28.40,burn
1.029,410.11,843.28,3577.7,27.97,burn
1.030,415.67,843.31,3643.3,27.94,burn
1.031,413.66,845.40,3609.9,27.97,burn
1.032,411.94,845.08,3574.3,28.28,burn
1.033,415.03,843.30,3602.1,28.07,burn
1.034,416.38,842.52,3609.2,27.99,burn
1.035,411.86,843.70,3577.8,27.83,burn
1.036,415.74,842.59,3601.0,27.93,burn
1.037,415.12,844.60,3593.4,28.13,burn
1.038,410.88,840.98,3588.5,28.08,burn
1.039,419.27,842.17,3631.6,28.02,burn
1.040,417.88,842.14,3585.8,28.44,burn
1.041,412.03,842.38,3625.4,27.85,burn
1.042,412.86,842.75,3613.8,28.00,burn
1.043,416.93,841.97,3660.7,28.28,burn
1.044,413.13,840.67,3605.7,28.24,burn
1.045,409.10,842.50,3544.8,28.32,burn
1.046,417.77,843.84,3623.9,28.11,burn
1.047,414.65,839.12,3595.7,28.01,burn
1.048,420.35,842.55,3660.6,28.23,burn
1.049,415.71,842.58,3626.4,28.19,burn
1.050,415.21,843.75,3623.7,28.15,burn
1.051,423.26,841.33,3699.2,28.03,burn
1.052,414.12,842.16,3575.6,28.24,burn
1.053,411.79,843.00,3590.7,28.26,burn
1.054,415.33,841.38,3609.6,27.91,burn
1.055,418.05,841.56,3654.5,28.39,burn
1.056,411.15,841.45,3512.6,28.02,burn
1.057,411.93,839.86,3609.8,28.14,burn
1.058,416.00,842.69,3600.8,27.94,burn
1.059,405.06,842.38,3533.8,28.56,burn
1.060,411.38,841.81,3546.5,27.93,burn
1.061,417.05,840.34,3651.2,28.15,burn
1.062,412.90,842.14,3639.3,28.20,burn
1.063,409.79,841.85,3570.8,28.01,burn
1.064,420.44,840.66,3675.6,28.35,burn
1.065,410.44,839.24,3546.2,27.93,burn
1.066,413.10,842.05,3604.0,28.20,burn
1.067,413.56,841.31,3619.5,28.37,burn
1.068,414.93,842.32,3614.7,27.84,burn
1.069,413.57,839.42,3594.7,28.39,burn
1.070,414.44,837.39,3582.6,28.15,burn
1.071,414.86,841.60,3611.1,28.14,burn
1.072,414.42,840.74,3617.8,28.15,burn
1.073,414.97,839.16,3633.1,28.70,burn
1.074,407.55,840.14,3510.7,28.09,burn
1.075,416.01,840.27,3605.6,28.05,burn
1.076,410.48,839.60,3576.9,27.95,burn
1.077,408.20,841.78,3557.4,28.44,burn
1.078,418.84,838.11,3695.1,27.91,burn
1.079,410.84,837.73,3592.4,28.08,burn
1.080,415.24,837.24,3639.5,28.27,burn
1.081,412.39,841.06,3648.9,28.26,burn
1.082,412.67,835.71,3570.6,28.51,burn
1.083,416.16,840.74,3617.6,28.25,burn
1.084,411.56,840.86,3573.5,28.32,burn
1.085,415.83,840.13,3648.4,28.22,burn
1.086,415.86,840.40,3607.7,28.37,burn
1.087,418.21,841.39,3675.6,28.31,burn
1.088,413.71,839.40,3588.0,28.10,burn
1.089,417.86,840.09,3624.2,28.29,burn
1.090,419.88,842.92,3640.4,27.99,burn
1.091,419.48,839.46,3663.9,28.50,burn
1.092,416.48,839.52,3657.6,28.44,burn
1.093,416.07,841.01,3607.4,28.11,burn
1.094,423.28,840.28,3708.0,28.30,burn
1.095,421.43,839.71,3673.6,28.46,burn
1.096,412.43,840.03,3597.7,28.38,burn
1.097,417.50,838.70,3662.1,28.69,burn
1.098,416.54,839.69,3583.1,28.06,burn
1.099,414.95,841.06,3614.1,28.09,burn
1.100,415.20,839.85,3565.0,28.23,burn
1.101,416.20,837.70,3644.4,27.81,burn
1.102,417.55,837.97,3594.8,28.45,burn
1.103,415.40,837.00,3606.0,28.06,burn
1.104,415.76,839.68,3585.5,28.12,burn
1.105,418.92,840.80,3666.1,28.42,burn
1.106,415.70,838.23,3643.2,28.33,burn
1.107,416.39,841.32,3575.1,28.53,burn
1.108,417.72,838.29,3649.9,28.25,burn
1.109,419.65,836.62,3619.5,28.12,burn
1.110,418.44,838.00,3607.8,28.92,burn
1.111,415.89,839.31,3637.8,28.04,burn
1.112,415.38,838.98,3612.9,28.21,burn
1.113,411.09,838.73,3583.7,28.68,burn
1.114,415.64,836.58,3666.6,28.24,burn
1.115,411.65,839.30,3575.1,28.12,burn
1.116,411.69,837.74,3600.9,28.37,burn
1.117,416.72,836.54,3582.4,28.30,burn
1.118,414.47,838.82,3588.4,28.41,burn
1.119,416.19,838.70,3633.7,28.58,burn
1.120,412.89,839.73,3544.8,28.28,burn
1.121,418.38,837.85,3645.8,28.47,burn
1.122,415.21,841.93,3609.2,28.41,burn
1.123,418.34,839.83,3623.0,28.64,burn
1.124,416.80,839.38,3599.5,28.40,burn
1.125,415.27,835.79,3624.8,28.68,burn
1.126,413.34,834.83,3607.2,28.15,burn
1.127,414.88,838.01,3641.6,28.14,burn
1.128,417.27,839.23,3605.6,28.32,burn
1.129,416.88,839.78,3674.1,28.49,burn
1.130,411.20,836.42,3604.6,28.30,burn
1.131,417.86,840.39,3627.8,28.62,burn
1.132,414.15,835.81,3587.6,28.56,burn
1.133,417.24,836.55,3588.3,28.47,burn
1.134,412.70,836.51,3609.9,28.32,burn
1.135,416.71,838.62,3654.1,28.49,burn
1.136,412.40,836.90,3568.1,28.16,burn
1.137,415.18,839.32,3609.9,28.78,burn
1.138,413.90,836.31,3570.7,28.52,burn
1.139,413.94,839.72,3606.8,28.24,burn
1.140,413.10,837.48,3590.4,28.78,burn
1.141,414.34,836.39,3601.6,28.51,burn
1.142,409.58,837.13,3594.9,28.45,burn
1.143,417.43,838.33,3588.7,28.57,burn
1.144,417.69,836.22,3641.8,28.21,burn
1.145,413.48,835.81,3548.6,28.71,burn
1.146,410.67,838.43,3560.2,28.26,burn
1.147,412.87,838.75,3551.3,28.07,burn
1.148,417.65,838.87,3637.5,28.41,burn
1.149,416.69,834.90,3593.2,28.24,burn
1.150,413.91,837.30,3574.2,28.35,burn
1.151,417.51,837.65,3692.7,28.32,burn
1.152,411.69,834.30,3607.3,28.38,burn
1.153,412.98,837.27,3558.2,28.64,burn
1.154,416.24,837.49,3577.3,28.50,burn
1.155,414.53,839.29,3593.5,28.51,burn
1.156,413.05,834.75,3573.2,28.12,burn
1.157,407.28,836.26,3587.5,28.43,burn
1.158,416.84,840.19,3614.7,28.38,burn
1.159,415.79,834.94,3651.7,28.13,burn
1.160,409.60,835.42,3551.5,28.96,burn
1.161,416.63,835.40,3618.0,28.47,burn
1.162,414.78,833.84,3613.7,28.36,burn
1.163,415.66,837.33,3587.1,28.37,burn
1.164,417.66,839.62,3625.1,28.65,burn
1.165,412.61,836.89,3594.7,28.65,burn
1.166,416.97,837.26,3603.4,28.45,burn
1.167,416.88,833.73,3608.1,28.71,burn
1.168,417.12,835.38,3632.3,28.28,burn
1.169,419.74,834.52,3652.6,28.44,burn
1.170,416.81,833.81,3617.0,28.32,burn
1.171,413.15,833.10,3595.4,28.53,burn
1.172,420.23,836.54,3632.6,28.51,burn
1.173,411.52,833.93,3550.7,28.47,burn
1.174,413.45,836.44,3561.8,28.51,burn
1.175,411.95,836.22,3551.0,28.65,burn
1.176,414.53,835.80,3582.2,28.41,burn
1.177,418.09,833.63,3616.2,28.28,burn
1.178,418.74,837.35,3638.4,28.45,burn
1.179,416.24,836.33,3624.6,28.67,burn
1.180,413.02,837.53,3582.3,28.44,burn
1.181,413.19,837.05,3622.9,28.41,burn
1.182,413.04,835.64,3599.1,28.32,burn
1.183,417.71,837.10,3656.5,28.45,burn
1.184,412.13,835.35,3615.7,28.73,burn
1.185,417.45,834.42,3625.2,28.71,burn
1.186,414.75,833.77,3595.9,28.57,burn
1.187,415.37,834.87,3613.0,29.03,burn
1.188,419.39,834.83,3622.2,28.55,burn
1.189,413.43,832.02,3616.0,28.69,burn
1.190,419.84,834.94,3643.6,28.45,burn
1.191,410.63,836.43,3541.1,28.56,burn
1.192,412.38,833.65,3557.6,28.41,burn
1.193,410.12,837.90,3574.2,28.72,burn
1.194,412.62,833.16,3584.1,28.46,burn
1.195,416.61,834.95,3646.4,28.65,burn
1.196,417.08,836.07,3647.1,28.65,burn
1.197,415.78,836.00,3654.7,28.37,burn
1.198,415.67,834.97,3609.9,28.81,burn
1.199,411.34,834.37,3601.4,28.69,burn
1.200,410.89,834.88,4457.7,28.58,burn
1.201,415.78,832.01,3629.4,28.72,burn
1.202,418.91,833.38,3623.8,28.90,burn
1.203,413.78,832.40,3626.2,28.36,burn
1.204,411.06,834.62,3570.9,28.25,burn
1.205,410.27,836.17,3578.8,28.47,burn
1.206,412.83,832.95,3575.7,28.65,burn
1.207,419.61,833.73,3680.0,28.82,burn
1.208,414.25,836.39,3597.1,28.63,burn
1.209,411.76,833.38,3580.7,28.86,burn
1.210,413.05,833.92,3566.2,28.59,burn
1.211,413.42,833.75,3574.2,28.40,burn
1.212,415.67,833.84,3582.8,28.36,burn
1.213,412.90,830.81,3608.4,28.69,burn
1.214,412.21,834.56,3565.4,28.84,burn
1.215,414.31,834.09,3592.1,28.84,burn
1.216,416.29,830.32,3641.5,28.53,burn
1.217,417.03,835.99,3603.3,28.26,burn
1.218,416.53,832.86,3604.3,28.61,burn
1.219,413.51,830.92,3590.6,28.69,burn
1.220,409.80,832.73,3601.8,28.53,burn
1.221,412.49,833.99,3590.6,28.69,burn
1.222,415.74,831.79,3627.2,28.72,burn
1.223,410.88,833.66,3564.9,28.53,burn
1.224,415.64,832.43,3638.9,28.77,burn
1.225,413.12,833.93,3570.1,28.45,burn
1.226,413.14,832.48,3597.0,28.79,burn
1.227,418.25,833.25,3651.9,28.55,burn
1.228,415.54,833.69,3610.0,28.98,burn
1.229,419.00,832.83,3667.1,28.79,burn
1.230,412.07,833.37,3589.5,28.72,burn
1.231,418.28,832.35,3657.5,28.42,burn
1.232,417.62,832.77,3623.0,28.72,burn
1.233,405.91,834.38,3553.6,28.55,burn
1.234,414.63,831.42,3614.2,28.82,burn
1.235,419.52,832.80,3674.2,28.70,burn
1.236,417.23,828.64,3648.6,29.00,burn
1.237,413.57,831.85,3583.5,28.49,burn
1.238,414.20,833.11,3579.8,28.33,burn
1.239,410.99,832.54,3597.1,28.94,burn
1.240,415.52,830.56,3604.7,28.79,burn
1.241,409.52,831.90,3591.4,28.64,burn
1.242,411.85,831.42,3583.7,29.25,burn
1.243,418.26,832.68,3656.8,28.86,burn
1.244,414.84,832.45,3593.9,28.26,burn
1.245,413.81,830.36,3534.3,28.64,burn
1.246,414.58,834.82,3604.8,28.89,burn
1.247,423.13,829.89,3659.3,28.94,burn
1.248,418.01,832.81,3606.5,28.46,burn
1.249,412.58,830.82,3562.0,28.58,burn
1.250,419.90,832.65,3647.0,28.66,burn
1.251,414.64,833.69,3659.0,28.65,burn
1.252,417.12,832.71,3551.3,28.98,burn
1.253,413.15,831.43,3586.9,29.05,burn
1.254,412.09,831.55,3640.9,28.46,burn
1.255,417.31,830.49,3605.4,28.84,burn
1.256,412.60,830.43,3612.3,28.60,burn
1.257,412.56,832.49,3542.1,29.09,burn
1.258,417.60,830.51,3631.3,28.69,burn
1.259,411.42,831.42,3565.0,28.81,burn
1.260,410.65,832.91,3579.4,28.59,burn
1.261,416.55,831.42,3637.4,28.53,burn
1.262,409.03,829.09,3612.3,28.58,burn
1.263,412.66,829.07,3589.8,28.90,burn
1.264,413.82,828.52,3582.7,28.96,burn
1.265,410.88,828.94,3582.5,29.14,burn
1.266,411.56,829.15,3580.3,28.94,burn
1.267,416.91,831.03,3640.7,29.10,burn
1.268,415.79,828.90,3590.6,28.82,burn
1.269,412.08,829.43,3579.9,28.47,burn
1.270,416.50,827.40,3627.8,28.64,burn
1.271,419.47,828.62,3631.1,28.59,burn
1.272,411.07,829.71,3571.0,28.77,burn
1.273,415.10,830.13,3628.3,28.59,burn
1.274,420.85,831.72,3628.4,29.03,burn
1.275,416.75,829.71,3633.0,29.11,burn
1.276,417.36,832.15,3668.2,29.12,burn
1.277,414.32,826.90,3652.9,28.59,burn
1.278,412.53,831.28,3582.1,29.00,burn
1.279,418.35,829.19,3637.0,29.04,burn
1.280,416.88,831.17,3604.3,28.76,burn
1.281,414.77,831.41,3631.9,29.25,burn
1.282,413.53,830.35,3621.6,28.75,burn
1.283,409.68,828.17,3580.4,28.95,burn
1.284,415.39,829.80,3623.6,29.08,burn
1.285,412.85,830.69,3597.3,29.00,burn
1.286,414.53,828.26,3666.5,28.69,burn
1.287,416.94,830.19,3661.7,28.63,burn
1.288,417.39,830.61,3640.0,28.63,burn
1.289,417.08,829.35,3631.1,29.13,burn
1.290,421.69,827.47,3705.2,29.08,burn
1.291,418.42,827.99,3633.0,28.79,burn
1.292,412.69,828.66,3615.0,28.78,burn
1.293,412.47,830.25,3612.7,29.18,burn
1.294,421.91,828.60,3649.0,28.62,burn
1.295,412.94,827.51,3587.1,28.67,burn
1.296,414.80,830.56,3562.6,28.66,burn
1.297,420.16,829.72,3683.4,29.10,burn
1.298,420.08,830.28,3650.8,28.86,burn
1.299,414.77,826.53,3609.1,28.61,burn
1.300,415.66,826.63,3622.8,28.88,burn
1.301,410.03,829.32,3572.9,28.77,burn
1.302,412.21,828.69,3588.4,28.65,burn
1.303,413.84,824.70,3627.7,28.82,burn
1.304,414.92,828.61,3651.1,29.04,burn
1.305,413.96,827.02,3589.0,28.41,burn
1.306,415.39,829.61,3616.8,28.73,burn
1.307,421.51,829.27,3684.4,29.39,burn
1.308,416.33,828.76,3647.8,28.97,burn
1.309,415.86,826.27,3615.6,29.11,burn
1.310,414.94,829.31,3594.9,28.99,burn
1.311,414.42,824.78,3614.7,28.63,burn
1.312,418.64,826.35,3608.0,28.97,burn
1.313,411.96,825.13,3568.8,28.94,burn
1.314,414.56,823.59,3603.3,28.58,burn
1.315,411.65,826.24,3604.8,28.90,burn
1.316,415.20,827.90,3649.8,28.98,burn
1.317,415.30,826.92,3624.1,29.07,burn
1.318,417.70,829.14,3658.2,28.97,burn
1.319,418.53,824.49,3613.4,28.83,burn
1.320,416.93,826.29,3608.9,29.13,burn
1.321,419.81,825.95,3637.5,29.15,burn
1.322,419.71,827.71,3654.3,28.93,burn
1.323,415.89,826.18,3609.1,29.12,burn
1.324,416.06,827.94,3593.9,29.25,burn
1.325,409.13,827.24,3461.5,28.82,burn
1.326,415.90,827.99,3616.7,29.11,burn
1.327,414.93,823.29,3590.1,28.69,burn
1.328,409.88,826.97,3597.4,28.96,burn
1.329,413.65,825.57,3617.6,28.64,burn
1.330,417.82,826.80,3668.1,29.29,burn
1.331,411.23,825.49,3515.7,28.72,burn
1.332,418.82,827.94,3654.0,28.76,burn
1.333,416.37,825.64,3624.0,29.09,burn
1.334,414.26,828.05,3602.7,29.09,burn
1.335,414.52,827.03,3614.8,29.11,burn
1.336,417.44,826.19,3638.9,28.61,burn
1.337,410.65,826.65,3555.2,29.12,burn
1.338,421.07,825.18,3651.0,29.14,burn
1.339,412.51,824.24,3551.7,29.06,burn
1.340,412.65,824.21,3594.1,28.90,burn
1.341,418.61,827.60,3629.7,28.72,burn
1.342,417.32,824.88,3630.5,28.97,burn
1.343,418.92,826.48,3653.8,29.24,burn
1.344,418.09,825.32,3584.6,29.26,burn
1.345,416.08,826.38,3615.4,29.16,burn
1.346,411.12,826.67,3563.4,29.07,burn
1.347,413.53,826.36,3564.0,29.11,burn
1.348,415.55,827.95,3594.6,29.30,burn
1.349,414.90,823.83,3642.4,28.70,burn
1.350,408.79,823.40,3519.3,29.04,burn
1.351,418.08,827.49,3600.7,29.11,burn
1.352,420.14,824.19,3642.5,29.28,burn
1.353,419.34,824.82,3629.2,28.98,burn
1.354,411.90,829.20,3567.3,28.87,burn
1.355,416.26,826.84,3627.5,29.07,burn
1.356,408.57,821.28,3567.4,29.09,burn
1.357,420.02,826.53,3620.2,29.06,burn
1.358,409.13,825.75,3503.5,28.98,burn
1.359,416.19,822.10,3593.8,28.89,burn
1.360,418.44,826.74,3664.6,29.16,burn
1.361,418.83,826.73,3653.0,29.33,burn
1.362,415.99,823.56,3656.0,29.07,burn
1.363,410.68,825.58,3600.5,28.71,burn
1.364,414.65,825.98,3589.6,28.95,burn
1.365,414.15,823.50,3623.9,29.14,burn
1.366,416.06,824.31,3584.0,28.97,burn
1.367,417.92,825.97,3644.1,29.33,burn
1.368,416.94,825.77,3599.8,29.19,burn
1.369,421.32,824.39,3684.8,29.21,burn
1.370,416.94,822.70,3617.5,29.10,burn
1.371,413.79,823.20,3564.4,29.12,burn
1.372,419.85,825.11,3620.5,29.13,burn
1.373,414.01,823.28,3615.9,29.31,burn
1.374,415.80,826.52,3626.7,29.40,burn
1.375,415.50,824.17,3612.1,29.22,burn
1.376,408.08,822.20,3567.8,28.59,burn
1.377,415.79,819.37,3650.0,29.02,burn
1.378,415.83,824.26,3603.8,29.18,burn
1.379,414.33,825.10,3559.8,29.31,burn
1.380,414.54,823.72,3628.3,29.17,burn
1.381,411.11,823.60,3561.5,29.02,burn
1.382,415.21,822.81,3586.0,28.88,burn
1.383,419.47,822.91,3646.7,29.29,burn
1.384,414.43,822.31,3631.6,28.66,burn
1.385,413.39,825.32,3550.5,29.27,burn
1.386,413.14,823.10,3626.6,29.55,burn
1.387,421.01,824.13,3688.3,28.96,burn
1.388,410.90,824.23,3579.2,29.00,burn
1.389,417.50,827.08,3625.7,29.29,burn
1.390,415.30,823.18,3592.3,29.22,burn
1.391,420.73,823.43,3676.5,29.35,burn
1.392,418.90,825.21,3610.7,29.02,burn
1.393,414.70,825.06,3555.7,29.13,burn
1.394,410.34,825.22,3582.8,29.17,burn
1.395,419.25,823.14,3674.0,28.93,burn
1.396,419.34,820.94,3621.8,29.46,burn
1.397,411.65,822.18,3570.5,29.18,burn
1.398,417.20,819.19,3643.1,28.88,burn
1.399,412.56,820.58,3611.5,29.06,burn
1.400,412.64,826.17,3577.3,28.92,burn
1.401,410.14,824.26,3573.5,29.17,burn
1.402,417.76,822.08,3662.9,29.10,burn
1.403,415.78,821.83,3571.7,29.04,burn
1.404,416.45,821.32,3639.0,29.28,burn
1.405,419.32,821.31,3632.7,29.28,burn
1.406,416.97,823.17,3627.0,29.24,burn
1.407,416.72,823.84,3639.4,29.12,burn
1.408,417.21,822.31,3617.6,29.37,burn
1.409,411.77,824.35,3547.3,28.98,burn
1.410,414.86,818.67,3601.7,29.04,burn
1.411,411.35,823.83,3599.5,29.15,burn
1.412,412.27,825.14,3590.2,29.60,burn
1.413,414.69,823.26,3597.9,29.58,burn
1.414,418.15,821.11,3612.2,29.15,burn
1.415,421.14,821.49,3673.1,29.45,burn
1.416,411.71,820.14,3576.8,29.13,burn
1.417,415.49,820.63,3628.1,29.29,burn
1.418,414.76,819.29,3598.2,29.34,burn
1.419,416.55,822.31,3637.1,29.24,burn
1.420,416.72,821.23,3655.5,29.26,burn
1.421,416.06,822.42,3596.7,29.64,burn
1.422,412.07,822.70,3608.7,29.59,burn
1.423,416.15,822.06,3595.3,29.49,burn
1.424,417.65,820.34,3649.7,29.45,burn
1.425,413.43,820.21,3556.7,28.98,burn
1.426,420.90,821.81,3639.4,29.34,burn
1.427,414.27,819.95,3561.8,29.39,burn
1.428,413.07,822.11,3603.2,29.41,burn
1.429,415.86,822.32,3610.7,29.19,burn
1.430,414.20,821.26,3554.9,29.64,burn
1.431,410.87,821.47,3576.4,29.48,burn
1.432,414.89,820.87,3592.2,29.28,burn
1.433,419.76,822.10,3680.6,29.38,burn
1.434,420.98,820.46,3647.0,29.31,burn
1.435,413.27,820.88,3576.8,29.42,burn
1.436,417.69,824.44,3635.5,28.96,burn
1.437,415.37,819.54,3592.4,29.35,burn
1.438,415.82,820.53,3639.8,29.44,burn
1.439,418.77,821.74,3593.5,29.44,burn
1.440,417.53,820.08,3692.0,29.48,burn
1.441,415.44,821.16,3586.1,29.37,burn
1.442,412.19,820.94,3581.4,29.63,burn
1.443,411.60,821.28,3615.7,29.37,burn
1.444,414.78,821.57,3617.6,29.45,burn
1.445,415.94,823.46,3668.3,29.17,burn
1.446,416.48,821.72,3644.7,29.28,burn
1.447,417.32,821.58,3594.5,29.19,burn
1.448,417.91,821.93,3641.2,29.47,burn
1.449,407.77,820.70,3588.4,29.21,burn
1.450,417.68,823.00,3667.9,29.24,burn
1.451,411.83,819.23,3641.2,28.88,burn
1.452,418.32,819.95,3649.8,29.23,burn
1.453,415.99,821.10,3567.8,29.39,burn
1.454,416.87,820.07,3615.6,29.29,burn
1.455,413.35,819.11,3590.1,29.16,burn
1.456,415.82,819.21,3592.6,29.54,burn
1.457,409.37,819.77,3580.1,29.32,burn
1.458,418.26,818.10,3625.7,29.38,burn
1.459,413.98,818.73,3602.3,29.26,burn
1.460,407.21,819.23,3560.4,29.46,burn
1.461,418.16,818.52,3644.9,29.36,burn
1.462,420.01,820.84,3635.1,29.51,burn
1.463,412.35,818.66,3598.7,29.11,burn
1.464,418.62,820.43,3660.2,29.44,burn
1.465,412.73,817.11,3571.4,29.76,burn
1.466,408.18,819.52,3562.7,29.32,burn
1.467,413.90,821.72,3589.7,29.58,burn
1.468,415.96,818.29,3591.5,29.72,burn
1.469,415.38,821.75,3625.0,29.56,burn
1.470,415.29,821.71,3625.0,29.20,burn
1.471,415.87,819.69,3618.2,29.58,burn
1.472,415.63,818.79,3577.0,29.23,burn
1.473,414.33,820.08,3608.3,29.20,burn
1.474,413.17,815.73,3532.6,29.57,burn
1.475,414.18,819.15,3632.1,29.46,burn
1.476,413.92,820.33,3647.3,29.50,burn
1.477,414.07,819.31,3664.4,29.20,burn
1.478,411.67,818.31,3579.7,29.37,burn
1.479,413.35,819.24,3594.2,29.34,burn
1.480,415.23,817.97,3599.5,29.74,burn
1.481,415.91,817.89,3642.7,29.29,burn
1.482,414.79,819.21,3619.6,29.35,burn
1.483,414.43,818.21,3609.8,29.35,burn
1.484,416.58,817.90,3654.4,29.45,burn
1.485,417.42,816.05,3647.9,29.40,burn
1.486,417.02,820.20,3637.1,29.38,burn
1.487,409.73,816.58,3512.1,29.72,burn
1.488,413.61,817.00,3636.4,29.31,burn
1.489,417.10,818.36,3633.6,29.51,burn
1.490,416.53,817.89,3630.0,29.30,burn
1.491,417.02,815.93,3597.3,29.70,burn
1.492,415.92,817.14,3609.1,29.35,burn
1.493,412.42,817.52,3570.8,29.58,burn
1.494,418.65,819.62,3638.7,29.79,burn
1.495,410.90,816.58,3541.9,29.29,burn
1.496,417.94,816.29,3591.9,29.88,burn
1.497,414.93,817.97,3601.0,29.50,burn
1.498,410.56,816.79,3601.2,29.31,burn
1.499,413.79,816.14,3639.3,29.45,burn
1.500,418.59,818.23,3634.2,29.61,burn
1.501,413.22,817.20,3627.0,29.47,burn
1.502,411.35,817.33,3561.1,29.89,burn
1.503,414.12,818.97,3588.9,29.45,burn
1.504,412.53,817.36,3582.0,29.52,burn
1.505,411.23,816.55,3555.4,29.68,burn
1.506,416.30,814.83,3615.6,29.62,burn
1.507,417.38,815.25,3611.3,29.43,burn
1.508,413.33,816.35,3552.6,29.72,burn
1.509,416.55,816.27,3602.4,29.87,burn
1.510,413.82,814.99,3598.5,29.54,burn
1.511,414.68,816.27,3584.0,29.45,burn
1.512,415.35,816.29,3616.5,29.65,burn
1.513,419.46,814.31,3688.2,29.59,burn
1.514,416.51,815.79,3603.3,29.27,burn
1.515,411.99,814.32,3575.0,29.89,burn
1.516,416.53,814.16,3587.2,29.26,burn
1.517,414.32,818.18,3618.6,29.46,burn
1.518,413.58,817.36,3620.0,29.15,burn
1.519,412.46,813.33,3559.8,29.64,burn
1.520,414.91,814.64,3654.5,29.59,burn
1.521,414.80,816.14,3592.4,29.59,burn
1.522,413.78,815.53,3560.3,29.37,burn
1.523,410.81,816.16,3527.8,29.63,burn
1.524,409.86,816.10,3547.4,29.47,burn
1.525,415.37,816.69,3603.6,29.64,burn
1.526,415.52,813.68,3591.4,29.47,burn
1.527,421.53,815.86,3665.8,29.58,burn
1.528,414.45,816.39,3652.0,29.49,burn
1.529,418.05,813.93,3644.7,29.89,burn
1.530,418.57,816.11,3647.4,29.56,burn
1.531,414.80,817.52,3612.1,29.42,burn
1.532,415.22,814.92,3586.1,29.52,burn
1.533,413.70,816.10,3570.6,29.78,burn
1.534,420.31,815.51,3636.4,29.72,burn
1.535,410.46,819.64,3539.7,29.82,burn
1.536,414.87,816.99,3646.3,29.69,burn
1.537,419.14,815.02,3658.3,29.76,burn
1.538,414.66,812.62,3615.2,29.68,burn
1.539,413.27,816.06,3597.6,29.71,burn
1.540,415.68,814.88,3560.4,29.46,burn
1.541,416.57,817.89,3612.1,29.70,burn
1.542,416.69,817.88,3588.3,29.53,burn
1.543,415.83,817.33,3580.8,29.63,burn
1.544,417.24,815.68,3666.2,29.61,burn
1.545,417.82,813.15,3630.3,29.54,burn
1.546,411.67,816.55,3575.7,29.84,burn
1.547,413.85,814.89,3592.6,29.53,burn
1.548,417.60,816.91,3662.2,29.48,burn
1.549,416.45,814.35,3592.8,29.83,burn
1.550,415.69,812.32,3612.8,29.59,burn
1.551,417.00,811.99,3634.5,29.65,burn
1.552,417.84,812.97,3632.4,29.47,burn
1.553,412.41,816.02,3592.6,29.78,burn
1.554,411.31,812.31,3574.0,29.65,burn
1.555,411.53,814.42,3600.2,29.71,burn
1.556,420.56,813.35,3685.5,29.62,burn
1.557,411.82,816.40,3591.7,29.65,burn
1.558,414.28,814.40,3608.4,29.52,burn
1.559,414.43,812.80,3631.2,29.79,burn
1.560,418.08,814.40,3622.3,29.62,burn
1.561,409.77,816.06,3567.0,29.88,burn
1.562,414.87,814.62,3678.8,29.89,burn
1.563,418.63,814.43,3671.5,29.64,burn
1.564,418.33,811.66,3678.1,29.96,burn
1.565,416.22,815.40,3628.4,29.37,burn
1.566,414.21,814.12,3621.3,29.66,burn
1.567,420.26,815.25,3634.3,29.56,burn
1.568,409.97,813.35,3555.7,29.93,burn
1.569,417.93,812.84,3628.5,29.66,burn
1.570,416.51,815.77,3619.5,29.72,burn
1.571,416.76,811.87,3590.1,29.97,burn
1.572,415.79,812.34,3659.0,29.75,burn
1.573,415.60,813.79,3625.9,29.52,burn
1.574,417.78,810.01,3594.9,29.68,burn
1.575,411.53,813.22,3595.5,29.68,burn
1.576,411.25,815.31,3599.6,29.66,burn
1.577,415.48,811.56,3647.9,29.55,burn
1.578,415.15,810.89,3606.6,29.66,burn
1.579,415.48,812.52,3631.6,29.68,burn
1.580,419.76,814.94,3635.7,29.76,burn
1.581,413.25,812.22,3592.2,29.44,burn
1.582,417.24,810.48,3652.0,29.74,burn
1.583,416.14,814.31,3623.3,30.07,burn
1.584,422.09,812.61,3674.3,29.30,burn
1.585,410.78,813.10,3544.8,29.49,burn
1.586,413.35,816.88,3614.0,30.13,burn
1.587,413.62,812.30,3582.3,29.89,burn
1.588,418.95,809.98,3672.6,29.84,burn
1.589,412.53,813.92,3583.1,29.78,burn
1.590,419.96,814.60,3667.6,29.25,burn
1.591,419.78,812.67,3662.2,29.69,burn
1.592,417.59,813.34,3608.8,29.67,burn
1.593,416.30,813.00,3576.6,30.02,burn
1.594,410.32,813.23,3598.2,29.45,burn
1.595,415.54,815.02,3566.5,30.04,burn
1.596,410.70,809.75,3601.4,29.99,burn
1.597,413.90,811.88,3564.4,30.03,burn
1.598,415.60,812.84,3662.1,29.35,burn
1.599,414.06,813.76,3593.5,30.00,burn
1.600,417.84,809.56,3615.7,29.98,burn
1.601,414.60,812.10,3629.9,29.91,burn
1.602,410.35,811.45,3553.6,29.29,burn
1.603,411.81,810.37,3559.9,29.86,burn
1.604,411.17,813.86,3570.0,29.69,burn
1.605,414.04,812.82,3601.3,29.56,burn
1.606,418.73,813.54,3669.7,29.80,burn
1.607,416.51,813.22,3606.1,29.98,burn
1.608,416.01,812.01,3617.7,29.76,burn
1.609,411.14,809.94,3599.6,29.72,burn
1.610,422.10,809.08,3676.6,29.77,burn
1.611,414.91,811.70,3519.7,29.68,burn
1.612,422.24,811.34,3632.4,29.55,burn
1.613,412.39,809.81,3557.5,29.81,burn
1.614,413.29,811.27,3585.7,29.51,burn
1.615,422.79,810.39,3663.2,30.04,burn
1.616,411.77,811.69,3603.1,29.74,burn
1.617,416.25,814.47,3645.9,29.75,burn
1.618,413.98,811.23,3605.9,29.85,burn
1.619,412.55,811.85,3571.6,30.31,burn
1.620,421.48,811.76,3691.7,29.97,burn
1.621,411.98,813.52,3595.6,29.65,burn
1.622,417.68,810.25,3672.6,29.74,burn
1.623,418.30,809.18,3617.0,29.65,burn
1.624,411.96,810.07,3590.1,30.04,burn
1.625,409.30,809.06,3520.4,29.86,burn
1.626,409.65,811.83,3556.3,29.83,burn
1.627,412.59,810.65,3564.4,30.02,burn
1.628,415.66,808.22,3642.3,29.85,burn
1.629,416.00,811.25,3593.6,30.02,burn
1.630,414.43,807.96,3610.4,30.13,burn
1.631,414.68,809.01,3610.8,30.15,burn
1.632,417.91,811.05,3652.5,29.90,burn
1.633,417.30,807.72,3622.9,29.88,burn
1.634,416.13,811.29,3589.8,29.98,burn
1.635,413.14,808.49,3597.0,29.72,burn
1.636,417.33,806.85,3653.6,30.36,burn
1.637,415.54,810.75,3622.2,29.67,burn
1.638,412.75,810.96,3559.7,29.94,burn
1.639,413.26,809.26,3658.9,29.91,burn
1.640,418.68,810.29,3646.8,29.84,burn
1.641,420.53,807.94,3612.7,29.90,burn
1.642,413.40,810.70,3621.4,29.77,burn
1.643,408.76,812.53,3521.4,30.14,burn
1.644,416.76,807.93,3634.5,30.06,burn
1.645,412.28,807.93,3563.8,29.99,burn
1.646,417.19,808.67,3686.1,30.02,burn
1.647,413.87,811.49,3637.3,29.81,burn
1.648,421.68,808.09,3683.9,29.74,burn
1.649,415.33,809.20,3611.8,29.86,burn
1.650,417.70,808.45,3627.5,29.91,burn
1.651,411.35,808.15,3605.8,29.89,burn
1.652,406.54,808.10,3519.7,30.02,burn
1.653,415.40,810.03,3646.7,29.86,burn
1.654,415.78,808.37,3633.3,29.95,burn
1.655,417.15,811.95,3653.1,30.11,burn
1.656,413.33,808.02,3580.6,30.21,burn
1.657,411.12,811.25,3535.7,30.10,burn
1.658,410.19,810.27,3572.2,30.05,burn
1.659,416.65,807.32,3646.1,30.22,burn
1.660,417.12,810.33,3702.6,29.52,burn
1.661,412.37,809.84,3581.9,30.04,burn
1.662,413.41,808.16,3581.1,30.03,burn
1.663,412.81,808.19,3604.9,29.92,burn
1.664,409.31,809.74,3604.8,29.88,burn
1.665,415.59,808.52,3599.3,30.20,burn
1.666,417.53,809.37,3655.9,29.77,burn
1.667,414.32,809.18,3627.0,29.46,burn
1.668,410.73,810.25,3548.8,29.92,burn
1.669,414.40,807.55,3574.1,29.99,burn
1.670,419.09,806.80,3684.2,29.46,burn
1.671,421.38,810.13,3660.5,29.93,burn
1.672,415.80,807.04,3675.1,29.86,burn
1.673,412.63,810.01,3520.7,30.01,burn
1.674,409.04,807.75,3575.3,30.31,burn
1.675,410.36,806.83,3585.4,30.17,burn
1.676,414.73,808.93,3590.2,29.74,burn
1.677,415.67,808.78,3659.0,29.46,burn
1.678,415.76,809.93,3647.7,29.71,burn
1.679,414.21,806.13,3670.7,29.82,burn
1.680,410.36,810.82,3563.6,30.04,burn
1.681,410.27,807.21,3602.0,30.08,burn
1.682,415.44,807.18,3635.5,30.01,burn
1.683,412.52,807.50,3591.0,29.77,burn
1.684,418.91,808.09,3648.8,30.06,burn
1.685,410.62,806.72,3548.2,30.35,burn
1.686,420.06,806.86,3646.5,29.94,burn
1.687,413.00,806.63,3565.9,30.29,burn
1.688,415.66,809.32,3606.5,29.97,burn
1.689,415.66,804.88,3623.2,29.86,burn
1.690,413.96,805.56,3628.8,30.04,burn
1.691,408.95,806.63,3568.3,30.37,burn
1.692,413.55,806.71,3597.4,30.26,burn
1.693,419.56,804.97,3634.1,29.99,burn
1.694,411.15,805.67,3590.5,30.17,burn
1.695,409.47,805.97,3612.8,30.05,burn
1.696,414.34,807.82,3579.9,30.00,burn
1.697,413.76,807.30,3566.9,30.32,burn
1.698,411.12,808.08,3547.5,29.73,burn
1.699,412.74,805.66,3630.9,30.06,burn
1.700,413.55,804.75,3577.3,30.11,burn
1.701,413.76,807.58,3577.4,30.19,burn
1.702,415.48,805.49,3660.2,30.00,burn
1.703,417.12,804.43,3592.0,30.26,burn
1.704,416.16,805.24,3630.4,30.14,burn
1.705,416.02,806.25,3642.7,29.73,burn
1.706,420.04,803.23,3654.1,29.91,burn
1.707,418.28,805.47,3613.9,29.80,burn
1.708,406.26,807.70,3541.0,30.27,burn
1.709,413.91,805.24,3585.0,30.03,burn
1.710,410.27,807.00,3539.3,29.98,burn
1.711,412.93,808.00,3564.7,30.02,burn
1.712,417.31,806.33,3608.0,29.96,burn
1.713,414.39,805.83,3589.5,29.96,burn
1.714,413.71,805.72,3599.3,30.16,burn
1.715,418.95,808.98,3647.7,29.87,burn
1.716,410.48,806.08,3608.0,30.16,burn
1.717,414.71,806.47,3586.9,30.18,burn
1.718,416.64,806.95,3617.5,30.49,burn
1.719,415.07,804.86,3597.1,30.00,burn
1.720,411.51,806.73,3560.6,30.54,burn
1.721,414.93,802.38,3574.9,30.72,burn
1.722,417.42,805.94,3645.1,30.30,burn
1.723,416.07,806.15,3652.5,30.05,burn
1.724,415.95,805.42,3647.0,30.10,burn
1.725,415.92,804.15,3625.5,30.15,burn
1.726,415.40,804.81,3605.5,30.25,burn
1.727,411.27,807.07,3569.8,29.99,burn
1.728,414.07,805.87,3548.3,30.18,burn
1.729,416.29,805.58,3614.1,30.07,burn
1.730,405.65,804.66,3556.0,29.94,burn
1.731,417.27,803.07,3623.3,30.05,burn
1.732,416.01,803.58,3604.5,30.38,burn
1.733,411.74,804.19,3547.2,30.36,burn
1.734,412.76,805.25,3595.2,30.27,burn
1.735,414.38,806.34,3578.7,29.94,burn
1.736,416.24,801.12,3642.3,29.85,burn
1.737,413.87,803.07,3562.1,30.31,burn
1.738,418.50,804.63,3633.8,30.54,burn
1.739,416.24,807.15,3617.2,30.16,burn
1.740,412.64,802.21,3627.1,30.37,burn
1.741,413.58,803.58,3659.9,30.29,burn
1.742,415.68,806.13,3598.6,30.03,burn
1.743,417.18,805.03,3623.5,30.18,burn
1.744,417.04,800.95,3631.9,30.00,burn
1.745,414.70,800.98,3606.8,30.19,burn
1.746,415.44,802.86,3615.2,30.38,burn
1.747,414.92,801.52,3574.4,30.16,burn
1.748,417.46,803.70,3647.7,30.32,burn
1.749,412.04,805.48,3572.4,30.41,burn
1.750,416.81,803.62,3603.3,30.07,burn
1.751,409.44,804.01,3542.1,30.39,burn
1.752,416.35,801.72,3652.4,30.04,burn
1.753,415.77,802.36,3613.5,30.89,burn
1.754,415.00,804.49,3580.6,30.39,burn
1.755,408.60,804.26,3560.0,30.28,burn
1.756,419.70,804.92,3615.5,30.34,burn
1.757,417.69,804.16,3647.7,29.96,burn
1.758,415.07,805.24,3606.4,30.74,burn
1.759,416.37,800.86,3644.8,30.02,burn
1.760,412.18,804.99,3643.7,30.22,burn
1.761,416.53,799.35,3614.1,30.43,burn
1.762,419.68,803.96,3611.0,29.89,burn
1.763,411.46,806.29,3593.1,30.41,burn
1.764,423.08,802.39,3687.9,30.26,burn
1.765,413.69,803.59,3589.7,30.42,burn
1.766,417.48,802.64,3602.4,30.34,burn
1.767,412.52,801.18,3576.8,30.64,burn
1.768,416.17,802.53,3630.8,30.62,burn
1.769,411.18,803.30,3534.4,30.36,burn
1.770,413.02,802.85,3599.7,30.29,burn
1.771,414.31,803.43,3580.9,30.45,burn
1.772,413.03,802.23,3619.6,30.42,burn
1.773,414.27,800.03,3605.0,30.28,burn
1.774,417.92,804.55,3656.7,30.31,burn
1.775,411.17,802.27,3612.6,29.94,burn
1.776,411.41,800.44,3570.5,30.44,burn
1.777,415.14,800.98,3620.8,30.31,burn
1.778,413.30,800.99,3629.4,30.01,burn
1.779,411.99,801.66,3570.2,30.16,burn
1.780,415.39,802.19,3664.9,29.96,burn
1.781,413.30,800.97,3630.6,30.01,burn
1.782,416.01,799.13,3649.7,30.40,burn
1.783,414.88,801.00,3590.8,30.19,burn
1.784,414.39,804.33,3571.8,30.36,burn
1.785,414.79,802.01,3657.9,30.22,burn
1.786,418.07,803.50,3619.3,30.27,burn
1.787,418.94,799.98,3656.8,30.43,burn
1.788,414.52,801.80,3600.7,30.20,burn
1.789,411.91,801.33,3602.2,30.56,burn
1.790,410.46,805.06,3586.5,30.26,burn
1.791,408.30,803.94,3558.9,30.58,burn
1.792,411.47,798.88,3597.7,30.37,burn
1.793,412.44,800.67,3598.5,30.16,burn
1.794,414.84,803.13,3597.6,30.21,burn
1.795,409.36,799.59,3601.0,30.61,burn
1.796,419.29,797.76,3644.9,30.52,burn
1.797,418.19,800.93,3634.0,29.86,burn
1.798,418.73,802.14,3637.2,30.00,burn
1.799,413.46,801.13,3606.9,30.35,burn
1.800,415.73,800.57,3635.5,30.54,burn
1.801,412.16,802.88,3601.5,30.03,burn
1.802,419.65,801.32,3648.9,30.01,burn
1.803,411.36,799.76,3584.3,30.32,burn
1.804,413.46,800.15,3633.5,30.18,burn
1.805,419.27,800.09,3688.8,30.31,burn
1.806,422.47,801.96,3647.2,30.44,burn
1.807,414.72,801.14,3572.4,30.42,burn
1.808,413.75,798.11,3576.3,30.44,burn
1.809,407.48,801.28,3572.1,30.35,burn
1.810,420.13,798.53,3635.5,30.12,burn
1.811,415.92,799.74,3581.1,30.79,burn
1.812,409.35,802.43,3532.0,30.45,burn
1.813,417.61,797.78,3652.3,30.09,burn
1.814,416.84,799.12,3613.8,30.37,burn
1.815,413.93,799.48,3626.5,30.64,burn
1.816,413.32,798.28,3585.3,30.57,burn
1.817,417.19,801.83,3591.9,30.33,burn
1.818,415.70,799.17,3593.5,30.34,burn
1.819,416.46,799.98,3627.0,30.37,burn
1.820,418.68,799.62,3614.1,30.39,burn
1.821,418.58,801.14,3647.6,30.57,burn
1.822,417.28,800.40,3626.7,30.67,burn
1.823,416.75,801.43,3611.5,30.48,burn
1.824,411.16,798.08,3600.3,30.05,burn
1.825,411.65,799.13,3557.8,30.77,burn
1.826,417.45,800.92,3652.6,30.52,burn
1.827,416.94,800.37,3667.3,30.59,burn
1.828,416.55,800.43,3685.3,30.44,burn
1.829,417.52,799.68,3661.5,30.25,burn
1.830,413.34,798.19,3592.7,30.46,burn
1.831,416.69,799.63,3643.6,30.64,burn
1.832,412.03,798.93,3555.6,30.38,burn
1.833,415.19,799.80,3601.7,30.81,burn
1.834,417.79,798.04,3620.8,30.16,burn
1.835,412.97,797.67,3566.8,30.45,burn
1.836,420.86,798.62,3684.9,30.61,burn
1.837,418.40,800.40,3667.6,30.26,burn
1.838,419.11,800.78,3637.3,30.18,burn
1.839,414.36,797.64,3606.7,30.26,burn
1.840,410.83,799.64,3542.9,30.65,burn
1.841,412.90,799.33,3557.0,30.45,burn
1.842,416.65,795.92,3678.8,30.51,burn
1.843,414.16,797.76,3624.7,31.08,burn
1.844,417.16,799.84,3593.1,30.57,burn
1.845,415.45,799.88,3624.4,30.70,burn
1.846,413.23,796.99,3585.4,30.41,burn
1.847,417.80,798.21,3634.1,30.41,burn
1.848,419.05,796.84,3621.7,30.73,burn
1.849,412.80,796.31,3606.8,30.97,burn
1.850,416.53,797.40,3638.7,30.45,burn
1.851,415.47,799.17,3562.1,30.21,burn
1.852,415.84,796.78,3618.4,30.77,burn
1.853,414.69,797.71,3585.8,30.71,burn
1.854,411.24,795.66,3638.0,30.64,burn
1.855,419.23,797.55,3691.5,30.27,burn
1.856,411.87,794.73,3585.6,30.64,burn
1.857,412.39,797.84,3544.1,30.44,burn
1.858,416.97,800.88,3634.3,31.09,burn
1.859,415.54,797.63,3635.2,30.45,burn
1.860,412.61,796.92,3565.2,30.83,burn
1.861,413.03,799.31,3587.2,30.68,burn
1.862,414.52,796.52,3598.1,30.41,burn
1.863,413.69,799.43,3593.1,30.41,burn
1.864,416.94,797.58,3615.7,30.90,burn
1.865,411.51,796.97,3596.5,30.31,burn
1.866,416.09,799.26,3636.0,30.50,burn
1.867,419.59,796.14,3658.6,30.48,burn
1.868,415.60,797.90,3617.1,30.75,burn
1.869,412.33,796.18,3584.8,30.70,burn
1.870,412.83,795.82,3577.6,30.10,burn
1.871,415.13,799.49,3555.2,30.78,burn
1.872,413.13,796.82,3619.9,30.65,burn
1.873,418.70,796.45,3623.6,30.06,burn
1.874,409.48,800.03,3591.2,30.28,burn
1.875,419.92,797.89,3679.8,30.84,burn
1.876,408.92,799.89,3566.2,30.91,burn
1.877,414.88,798.61,3584.1,30.94,burn
1.878,411.75,798.05,3586.0,30.67,burn
1.879,417.46,795.44,3624.2,30.97,burn
1.880,412.68,798.60,3559.9,30.51,burn
1.881,411.60,795.62,3547.0,30.67,burn
1.882,413.98,797.87,3621.7,30.34,burn
1.883,413.77,796.72,3606.8,30.47,burn
1.884,409.19,798.32,3543.1,30.74,burn
1.885,416.36,797.80,3599.6,30.97,burn
1.886,407.82,794.70,3565.7,30.77,burn
1.887,418.53,797.66,3623.4,30.70,burn
1.888,414.01,795.53,3613.3,30.48,burn
1.889,417.86,797.06,3662.0,30.62,burn
1.890,413.20,796.47,3595.5,30.57,burn
1.891,412.62,795.69,3594.9,30.97,burn
1.892,416.95,795.77,3635.5,30.37,burn
1.893,413.25,796.77,3609.7,30.58,burn
1.894,410.36,797.15,3591.1,30.74,burn
1.895,414.74,797.34,3554.8,30.71,burn
1.896,410.87,794.13,3605.7,30.57,burn
1.897,414.96,795.96,3621.6,30.66,burn
1.898,419.14,797.01,3649.0,30.58,burn
1.899,417.89,799.58,3625.3,30.53,burn
1.900,415.00,795.06,3631.4,30.67,burn
1.901,414.50,795.30,3574.0,30.35,burn
1.902,414.05,797.68,3580.9,30.77,burn
1.903,413.09,794.56,3609.4,30.84,burn
1.904,416.06,794.67,3611.6,30.49,burn
1.905,414.53,797.54,3638.5,30.58,burn
1.906,413.85,796.43,3582.3,30.52,burn
1.907,415.81,796.23,3632.7,30.59,burn
1.908,408.94,795.17,3585.3,30.36,burn
1.909,420.87,793.28,3642.8,30.73,burn
1.910,416.89,795.03,3612.5,30.68,burn
1.911,410.82,794.76,3627.2,30.70,burn
1.912,415.34,792.22,3583.1,30.62,burn
1.913,411.61,794.53,3622.7,30.47,burn
1.914,413.38,794.53,3634.0,30.71,burn
1.915,412.31,795.50,3613.2,30.81,burn
1.916,418.27,794.20,3652.4,30.61,burn
1.917,409.24,795.69,3550.8,30.86,burn
1.918,413.94,793.85,3623.7,30.52,burn
1.919,410.05,796.66,3563.5,30.95,burn
1.920,414.94,797.98,3603.2,30.92,burn
1.921,414.05,793.13,3632.4,30.26,burn
1.922,410.78,796.14,3634.5,30.70,burn
1.923,419.32,795.50,3696.5,30.95,burn
1.924,419.69,795.68,3689.2,30.50,burn
1.925,413.31,793.85,3597.3,30.82,burn
1.926,416.56,794.30,3615.2,30.88,burn
1.927,414.55,794.63,3626.4,30.79,burn
1.928,415.73,794.30,3589.8,30.87,burn
1.929,419.60,796.15,3650.9,30.74,burn
1.930,414.19,797.31,3617.2,30.84,burn
1.931,420.38,793.02,3630.8,30.76,burn
1.932,414.13,791.93,3635.2,30.73,burn
1.933,414.72,792.28,3627.2,30.84,burn
1.934,420.67,795.85,3684.4,30.71,burn
1.935,415.82,794.32,3610.4,30.59,burn
1.936,408.90,793.70,3557.9,30.95,burn
1.937,415.67,791.30,3627.9,30.98,burn
1.938,411.15,793.01,3583.6,30.98,burn
1.939,410.01,792.90,3562.7,30.82,burn
1.940,412.17,795.89,3595.3,30.90,burn
1.941,415.98,793.34,3630.4,30.99,burn
1.942,411.66,794.88,3585.3,30.71,burn
1.943,410.80,792.52,3581.3,31.00,burn
1.944,413.86,794.24,3613.5,31.00,burn
1.945,416.21,792.74,3649.0,31.16,burn
1.946,412.91,794.12,3599.8,30.92,burn
1.947,411.08,794.39,3562.9,30.85,burn
1.948,408.48,790.77,3574.0,30.54,burn
1.949,412.67,794.81,3619.4,30.55,burn
1.950,417.53,795.58,3637.6,30.89,burn
1.951,418.01,795.21,3626.2,30.66,burn
1.952,417.37,792.95,3598.5,30.52,burn
1.953,414.47,794.11,3624.9,30.60,burn
1.954,415.39,793.00,3565.6,31.06,burn
1.955,418.80,792.06,3699.5,30.66,burn
1.956,412.39,791.21,3595.7,30.81,burn
1.957,416.09,791.39,3583.6,31.03,burn
1.958,409.39,792.68,3579.1,30.94,burn
1.959,417.05,792.30,3602.0,30.97,burn
1.960,413.65,793.86,3599.8,30.76,burn
1.961,411.53,791.25,3591.3,30.99,burn
1.962,417.32,793.39,3661.9,30.69,burn
1.963,411.67,789.60,3605.2,31.12,burn
1.964,412.40,791.40,3585.5,30.92,burn
1.965,419.61,791.54,3634.1,30.74,burn
1.966,411.86,793.12,3588.8,31.23,burn
1.967,413.03,794.48,3543.7,30.82,burn
1.968,412.95,790.03,3576.4,30.98,burn
1.969,417.35,790.30,3614.3,30.74,burn
1.970,409.49,791.07,3554.9,30.80,burn
1.971,418.75,786.57,3662.6,30.75,burn
1.972,414.27,793.09,3617.0,30.89,burn
1.973,414.05,791.41,3636.4,30.85,burn
1.974,412.31,794.22,3631.0,31.01,burn
1.975,414.56,789.92,3606.3,30.86,burn
1.976,419.41,791.09,3653.5,30.76,burn
1.977,415.64,788.91,3603.8,30.77,burn
1.978,412.20,787.65,3586.0,31.15,burn
1.979,413.96,790.06,3612.0,30.57,burn
1.980,416.60,792.98,3641.5,31.17,burn
1.981,415.26,789.16,3599.9,30.68,burn
1.982,414.23,794.39,3586.1,31.16,burn
1.983,416.81,792.13,3612.8,30.52,burn
1.984,416.08,790.28,3625.6,31.05,burn
1.985,411.77,790.06,3594.6,30.96,burn
1.986,409.25,792.57,3586.1,31.08,burn
1.987,416.50,789.86,3614.9,30.99,burn
1.988,420.57,790.23,3674.1,31.12,burn
1.989,412.54,793.18,3569.3,30.78,burn
1.990,414.58,792.11,3626.2,31.25,burn
1.991,419.06,790.66,3623.1,30.68,burn
1.992,420.22,790.36,3625.7,31.48,burn
1.993,415.20,792.81,3590.4,30.83,burn
1.994,418.75,791.83,3679.6,30.98,burn
1.995,417.25,792.04,3639.3,30.81,burn
1.996,413.33,788.04,3593.1,30.96,burn
1.997,408.94,791.17,3554.4,30.73,burn
1.998,412.27,791.53,3563.0,31.08,burn
1.999,416.11,790.71,3620.6,31.03,burn
2.000,416.26,790.88,3620.7,31.06,burn
2.001,413.49,787.85,3585.5,31.23,burn
2.002,412.43,789.84,3613.9,31.03,burn
2.003,410.20,785.89,3544.3,31.12,burn
2.004,409.96,790.96,3593.6,31.06,burn
2.005,414.63,788.99,3648.9,30.87,burn
2.006,410.28,789.97,3571.9,31.32,burn
2.007,414.95,791.13,3596.6,31.28,burn
2.008,412.61,791.06,3599.3,31.21,burn
2.009,413.72,789.36,3575.4,30.76,burn
2.010,421.38,790.58,3650.8,31.04,burn
2.011,415.14,788.17,3634.8,30.90,burn
2.012,413.97,790.76,3573.5,31.05,burn
2.013,414.48,790.38,3604.9,30.97,burn
2.014,410.58,789.18,3601.4,30.96,burn
2.015,419.02,787.55,3653.2,31.09,burn
2.016,417.54,788.36,3587.8,31.12,burn
2.017,413.40,789.18,3673.2,31.17,burn
2.018,415.69,788.97,3663.8,31.30,burn
2.019,412.98,787.79,3598.2,31.61,burn
2.020,416.19,788.86,3610.2,31.03,burn
2.021,410.97,789.80,3595.7,31.39,burn
2.022,415.80,787.40,3679.6,30.95,burn
2.023,419.50,787.22,3678.3,30.83,burn
2.024,416.34,787.20,3610.6,31.07,burn
2.025,413.23,788.69,3596.9,31.22,burn
2.026,417.85,789.77,3648.8,30.95,burn
2.027,420.85,790.43,3603.6,30.87,burn
2.028,417.19,788.97,3619.9,31.20,burn
2.029,415.29,787.72,3618.0,31.13,burn
2.030,412.59,786.55,3607.5,30.85,burn
2.031,416.31,789.11,3612.2,31.17,burn
2.032,420.77,788.54,3650.1,31.21,burn
2.033,408.95,787.78,3571.0,31.14,burn
2.034,417.93,790.55,3625.6,31.17,burn
2.035,415.44,786.90,3606.4,31.17,burn
2.036,419.54,788.94,3670.1,31.18,burn
2.037,414.62,786.31,3623.5,31.28,burn
2.038,408.51,788.47,3526.5,31.25,burn
2.039,420.97,788.66,3650.9,31.37,burn
2.040,411.52,786.05,3597.4,31.02,burn
2.041,417.40,791.36,3631.8,31.06,burn
2.042,414.62,789.56,3623.5,30.88,burn
2.043,414.88,785.24,3603.9,31.02,burn
2.044,415.41,787.92,3594.0,31.05,burn
2.045,413.36,788.45,3599.4,30.92,burn
2.046,415.56,789.05,3571.8,31.25,burn
2.047,415.92,786.73,3600.6,31.03,burn
2.048,417.40,786.22,3638.4,31.48,burn
2.049,415.37,786.22,3627.6,31.23,burn
2.050,415.96,786.33,3628.5,31.13,burn
2.051,418.98,786.87,3679.3,31.19,burn
2.052,412.29,786.44,3605.6,31.06,burn
2.053,415.21,787.54,3646.6,31.44,burn
2.054,416.43,785.65,3610.0,31.46,burn
2.055,418.11,786.62,3615.4,31.35,burn
2.056,414.81,787.25,3579.7,31.28,burn
2.057,415.30,788.01,3626.3,31.07,burn
2.058,413.96,788.14,3576.7,30.91,burn
2.059,418.72,788.60,3679.7,31.08,burn
2.060,414.04,786.70,3595.4,31.61,burn
2.061,417.06,786.32,3605.5,31.02,burn
2.062,414.69,786.48,3620.3,31.14,burn
2.063,415.09,784.97,3636.9,31.27,burn
2.064,411.33,785.20,3534.3,31.46,burn
2.065,415.17,783.93,3609.7,31.35,burn
2.066,414.91,784.80,3649.5,31.21,burn
2.067,410.55,786.39,3565.4,31.54,burn
2.068,412.78,788.65,3593.3,31.29,burn
2.069,413.64,787.53,3613.1,31.05,burn
2.070,410.41,786.30,3567.6,30.94,burn
2.071,411.35,784.94,3604.3,31.02,burn
2.072,419.41,787.64,3647.6,31.36,burn
2.073,411.91,786.78,3578.0,31.64,burn
2.074,412.43,785.64,3582.0,31.46,burn
2.075,410.81,787.25,3564.6,31.16,burn
2.076,418.68,784.14,3579.0,31.31,burn
2.077,417.75,786.06,3602.4,30.71,burn
2.078,415.95,786.86,3586.1,31.02,burn
2.079,415.25,783.19,3606.9,31.55,burn
2.080,413.52,785.18,3582.7,31.54,burn
2.081,414.15,785.20,3621.9,31.11,burn
2.082,412.98,783.06,3591.7,31.33,burn
2.083,416.97,785.52,3632.8,31.76,burn
2.084,417.08,785.00,3620.9,31.31,burn
2.085,417.74,784.16,3678.9,31.31,burn
2.086,421.15,784.11,3664.2,31.45,burn
2.087,417.12,787.09,3648.8,31.09,burn
2.088,416.90,783.60,3629.3,30.86,burn
2.089,418.01,786.87,3648.6,30.89,burn
2.090,410.37,784.76,3601.9,31.30,burn
2.091,415.01,785.83,3675.5,31.04,burn
2.092,410.46,784.16,3550.2,31.07,burn
2.093,419.73,786.41,3654.1,31.49,burn
2.094,413.52,783.88,3579.3,31.21,burn
2.095,420.32,786.13,3682.7,31.17,burn
2.096,418.18,786.44,3624.4,31.44,burn
2.097,413.34,783.19,3637.7,31.51,burn
2.098,410.02,785.66,3552.0,31.00,burn
2.099,411.63,783.55,3642.6,31.63,burn
2.100,418.12,786.17,3653.5,31.19,burn
2.101,414.04,785.55,3602.2,31.34,burn
2.102,410.56,783.54,3572.0,31.36,burn
2.103,414.33,784.53,3565.3,31.32,burn
2.104,420.08,784.70,3615.6,31.40,burn
2.105,419.83,782.28,3649.8,31.14,burn
2.106,413.58,786.96,3615.8,31.10,burn
2.107,415.92,784.01,3612.7,31.29,burn
2.108,416.84,785.30,3640.5,31.24,burn
2.109,410.56,785.96,3577.0,31.19,burn
2.110,413.40,782.38,3567.4,31.43,burn
2.111,413.78,782.05,3558.5,31.30,burn
2.112,416.21,782.08,3604.5,31.47,burn
2.113,413.47,784.92,3547.4,31.48,burn
2.114,410.81,783.44,3612.3,31.52,burn
2.115,415.97,785.20,3616.8,31.40,burn
2.116,413.07,785.06,3610.0,31.31,burn
2.117,411.32,783.52,3593.0,31.10,burn
2.118,411.32,785.85,3607.2,31.50,burn
2.119,414.33,784.02,3637.9,31.41,burn
2.120,419.35,782.22,3678.0,31.29,burn
2.121,414.48,784.64,3622.0,31.05,burn
2.122,418.22,782.68,3652.4,31.30,burn
2.123,408.26,784.12,3543.0,31.37,burn
2.124,412.48,782.32,3573.8,31.27,burn
2.125,411.23,784.56,3596.5,31.45,burn
2.126,414.18,783.07,3626.0,31.22,burn
2.127,417.31,782.94,3579.6,31.32,burn
2.128,413.36,782.30,3598.7,31.30,burn
2.129,411.27,785.85,3593.2,31.55,burn
2.130,417.84,782.82,3628.4,31.51,burn
2.131,412.71,785.23,3560.0,31.11,burn
2.132,415.82,778.36,3659.4,31.16,burn
2.133,413.00,782.88,3565.6,31.42,burn
2.134,416.55,782.38,3696.0,31.40,burn
2.135,413.85,783.22,3577.1,31.32,burn
2.136,417.39,783.94,3622.9,31.40,burn
2.137,416.86,780.92,3659.6,31.75,burn
2.138,421.66,785.99,3690.8,30.97,burn
2.139,414.76,783.99,3616.8,31.28,burn
2.140,412.07,782.84,3598.3,31.32,burn
2.141,411.52,782.32,3628.9,31.37,burn
2.142,413.21,782.65,3593.5,31.24,burn
2.143,416.13,780.81,3620.4,31.27,burn
2.144,412.86,781.67,3624.4,31.50,burn
2.145,419.56,781.54,3704.8,31.36,burn
2.146,415.60,781.18,3614.2,31.41,burn
2.147,412.07,783.14,3585.9,31.55,burn
2.148,413.61,781.38,3588.9,31.49,burn
2.149,413.08,782.53,3585.0,31.63,burn
2.150,415.53,783.37,3588.5,31.44,burn
2.151,411.92,782.87,3564.9,31.01,burn
2.152,418.85,783.72,3624.5,31.68,burn
2.153,413.93,781.38,3627.4,31.14,burn
2.154,414.29,782.27,3624.6,31.10,burn
2.155,417.77,780.53,3637.2,31.66,burn
2.156,412.75,779.93,3556.4,31.35,burn
2.157,415.00,781.83,3626.5,31.52,burn
2.158,420.38,781.77,3633.4,31.65,burn
2.159,416.23,780.92,3631.3,31.68,burn
2.160,415.88,782.19,3635.2,31.22,burn
2.161,413.57,780.23,3571.1,31.79,burn
2.162,412.02,779.08,3580.7,31.56,burn
2.163,420.25,779.24,3675.6,31.18,burn
2.164,414.52,780.98,3646.3,31.44,burn
2.165,420.69,781.74,3651.8,31.12,burn
2.166,412.95,782.66,3573.5,31.43,burn
2.167,418.76,781.52,3623.8,31.60,burn
2.168,414.38,779.95,3580.4,31.54,burn
2.169,416.25,779.53,3642.3,31.30,burn
2.170,418.65,777.81,3616.6,31.33,burn
2.171,416.32,780.30,3611.4,31.64,burn
2.172,417.41,782.90,3643.6,31.58,burn
2.173,410.31,780.25,3542.9,31.39,burn
2.174,413.62,781.50,3596.8,31.63,burn
2.175,421.13,781.21,3660.0,31.47,burn
2.176,414.31,781.50,3611.4,31.44,burn
2.177,415.96,781.97,3616.4,31.62,burn
2.178,414.51,782.21,3621.8,31.45,burn
2.179,413.14,780.20,3622.0,31.69,burn
2.180,410.52,777.12,3591.7,31.60,burn
2.181,411.57,781.67,3572.2,31.78,burn
2.182,420.05,780.47,3656.2,31.32,burn
2.183,414.76,780.37,3614.8,31.27,burn
2.184,411.43,780.39,3596.7,31.58,burn
2.185,412.29,779.25,3565.0,31.18,burn
2.186,417.62,777.71,3634.0,31.81,burn
2.187,412.16,779.01,3599.8,31.57,burn
2.188,413.12,781.66,3647.0,31.43,burn
2.189,411.65,779.74,3596.6,31.72,burn
2.190,411.22,779.93,3555.3,31.31,burn
2.191,419.95,779.46,3678.1,31.69,burn
2.192,414.58,781.08,3652.9,31.80,burn
2.193,414.04,778.26,3564.8,31.64,burn
2.194,413.20,779.95,3583.1,31.60,burn
2.195,417.14,778.79,3589.0,31.73,burn
2.196,415.18,780.86,3617.6,31.52,burn
2.197,415.88,777.89,3633.4,31.51,burn
2.198,415.41,782.04,3630.2,31.81,burn
2.199,413.93,780.10,3610.3,31.79,burn
2.200,413.56,781.18,3580.7,31.68,burn
2.201,409.80,780.08,3608.7,31.59,burn
2.202,413.52,777.08,3597.9,31.73,burn
2.203,421.49,779.49,3694.0,31.72,burn
2.204,411.28,779.88,3617.3,31.19,burn
2.205,415.01,780.09,3618.9,31.49,burn
2.206,416.01,778.89,3584.8,31.79,burn
2.207,418.58,780.76,3666.4,31.40,burn
2.208,422.97,777.78,3689.8,31.54,burn
2.209,413.81,778.48,3621.5,31.87,burn
2.210,412.37,779.93,3585.8,31.54,burn
2.211,418.18,777.67,3604.9,32.05,burn
2.212,415.64,776.42,3604.1,31.52,burn
2.213,421.02,781.77,3675.8,31.95,burn
2.214,417.18,779.32,3619.2,31.41,burn
2.215,412.99,776.16,3588.2,31.59,burn
2.216,414.41,779.22,3575.1,31.64,burn
2.217,416.27,778.21,3659.2,31.62,burn
2.218,416.50,777.75,3640.5,31.64,burn
2.219,411.60,777.56,3555.0,31.60,burn
2.220,409.23,778.27,3559.4,31.52,burn
2.221,410.19,779.33,3580.2,31.53,burn
2.222,416.85,777.58,3643.1,31.52,burn
2.223,414.54,778.21,3584.0,31.67,burn
2.224,409.50,778.77,3570.5,31.58,burn
2.225,413.35,778.73,3605.6,31.46,burn
2.226,409.19,776.50,3534.4,31.73,burn
2.227,414.21,776.19,3589.7,31.97,burn
2.228,412.40,777.03,3576.2,31.80,burn
2.229,413.33,775.98,3580.7,31.45,burn
2.230,414.75,774.92,3601.6,31.49,burn
2.231,415.55,777.85,3630.1,31.67,burn
2.232,415.18,778.91,3596.0,31.76,burn
2.233,418.87,777.62,3595.1,31.92,burn
2.234,422.20,775.78,3724.2,31.90,burn
2.235,417.56,772.81,3636.5,31.47,burn
2.236,414.43,777.14,3554.2,31.51,burn
2.237,417.26,777.13,3640.3,31.87,burn
2.238,412.82,774.58,3578.2,31.72,burn
2.239,412.52,779.08,3592.6,31.67,burn
2.240,412.39,778.11,3580.9,31.65,burn
2.241,415.88,777.14,3594.3,31.69,burn
2.242,418.72,778.74,3632.3,31.58,burn
2.243,421.67,775.89,3678.6,31.62,burn
2.244,418.97,777.48,3664.2,32.05,burn
2.245,417.09,776.50,3613.4,31.92,burn
2.246,412.93,776.71,3592.7,31.48,burn
2.247,415.23,780.44,3624.1,31.79,burn
2.248,416.63,777.61,3665.4,31.67,burn
2.249,414.63,774.24,3620.8,31.85,burn
2.250,420.59,775.74,3640.0,31.51,burn
2.251,412.54,777.63,3601.4,31.95,burn
2.252,412.86,773.93,3631.4,31.84,burn
2.253,416.14,774.57,3592.8,31.62,burn
2.254,421.02,774.66,3702.3,31.76,burn
2.255,409.56,775.59,3549.7,31.86,burn
2.256,412.46,777.58,3568.3,31.54,burn
2.257,418.86,777.02,3642.8,31.94,burn
2.258,412.96,776.19,3570.4,31.70,burn
2.259,421.18,776.43,3663.4,31.67,burn
2.260,412.54,777.63,3572.1,31.51,burn
2.261,418.22,773.56,3651.6,32.06,burn
2.262,414.74,775.71,3661.1,31.73,burn
2.263,416.38,776.16,3618.4,31.72,burn
2.264,411.89,775.14,3598.8,31.86,burn
2.265,410.18,774.57,3549.4,31.82,burn
2.266,417.33,777.23,3672.1,32.00,burn
2.267,413.41,775.34,3569.1,31.52,burn
2.268,412.24,777.09,3597.5,31.86,burn
2.269,411.68,776.98,3607.9,31.87,burn
2.270,411.86,774.14,3565.9,32.03,burn
2.271,419.06,775.05,3602.7,31.73,burn
2.272,412.23,774.53,3596.6,31.83,burn
2.273,413.37,774.74,3623.6,31.61,burn
2.274,420.90,774.20,3647.4,31.81,burn
2.275,413.70,772.99,3619.8,31.96,burn
2.276,414.98,771.51,3626.5,31.98,burn
2.277,416.10,772.45,3651.4,31.97,burn
2.278,414.11,774.25,3587.2,32.24,burn
2.279,412.94,775.77,3568.6,31.81,burn
2.280,418.84,772.87,3648.9,32.11,burn
2.281,415.96,774.36,3630.0,31.89,burn
2.282,413.11,774.98,3579.5,31.76,burn
2.283,410.84,773.94,3533.6,32.18,burn
2.284,411.53,772.12,3605.0,32.00,burn
2.285,411.93,773.47,3577.8,32.04,burn
2.286,408.53,774.80,3537.9,31.70,burn
2.287,418.52,774.18,3659.5,31.64,burn
2.288,415.31,776.31,3645.1,31.67,burn
2.289,416.61,777.21,3628.0,31.66,burn
2.290,410.74,776.70,3572.5,31.74,burn
2.291,413.54,773.78,3578.4,31.94,burn
2.292,414.28,776.90,3571.9,32.25,burn
2.293,415.23,772.33,3594.2,32.20,burn
2.294,414.38,774.43,3615.0,32.12,burn
2.295,411.27,774.62,3592.9,31.87,burn
2.296,418.28,773.52,3633.9,31.88,burn
2.297,417.13,773.35,3656.2,31.95,burn
2.298,415.22,773.49,3663.2,32.14,burn
2.299,418.10,774.73,3621.6,31.49,burn
2.300,418.62,773.87,3670.4,31.96,burn
2.301,419.18,774.05,3631.8,31.98,burn
2.302,415.49,775.05,3592.7,32.00,burn
2.303,414.06,770.84,3608.1,31.81,burn
2.304,413.56,773.30,3616.8,31.65,burn
2.305,417.67,773.07,3612.6,31.96,burn
2.306,412.90,770.51,3587.1,32.19,burn
2.307,412.26,772.75,3629.3,31.68,burn
2.308,416.66,772.59,3635.7,31.85,burn
2.309,416.57,771.55,3643.9,31.72,burn
2.310,416.91,772.74,3629.6,32.24,burn
2.311,412.45,771.56,3604.2,31.77,burn
2.312,415.90,771.91,3630.5,32.04,burn
2.313,417.75,773.80,3648.7,31.54,burn
2.314,413.56,771.34,3614.6,31.90,burn
2.315,414.20,770.60,3618.3,32.25,burn
2.316,414.11,773.68,3573.0,32.20,burn
2.317,419.56,773.87,3642.5,31.71,burn
2.318,417.70,772.35,3660.8,32.31,burn
2.319,410.98,770.96,3561.5,31.89,burn
2.320,410.44,769.35,3577.5,31.90,burn
2.321,416.95,771.13,3583.4,32.03,burn
2.322,414.36,773.75,3628.8,31.54,burn
2.323,416.60,772.09,3643.9,31.98,burn
2.324,415.80,774.30,3592.1,32.02,burn
2.325,418.03,771.10,3652.9,32.14,burn
2.326,410.12,770.48,3596.0,31.84,burn
2.327,413.36,769.09,3558.4,31.88,burn
2.328,415.75,768.38,3662.2,31.69,burn
2.329,415.70,767.72,3569.5,32.00,burn
2.330,412.16,769.04,3614.4,32.19,burn
2.331,413.42,773.94,3560.7,32.27,burn
2.332,413.24,772.79,3616.4,32.14,burn
2.333,415.13,771.46,3602.8,32.16,burn
2.334,417.10,771.57,3613.6,32.08,burn
2.335,414.17,773.13,3633.8,32.06,burn
2.336,414.54,772.89,3623.6,32.16,burn
2.337,408.72,770.08,3534.9,31.83,burn
2.338,411.82,770.72,3611.5,32.47,burn
2.339,420.56,769.79,3634.4,31.82,burn
2.340,409.86,770.66,3562.9,32.46,burn
2.341,419.09,772.89,3670.6,32.23,burn
2.342,414.11,771.06,3586.6,32.30,burn
2.343,409.11,770.47,3613.9,32.09,burn
2.344,419.37,769.51,3638.8,32.16,burn
2.345,418.85,768.58,3653.7,31.96,burn
2.346,413.49,773.15,3613.9,31.91,burn
2.347,417.60,769.58,3642.4,31.87,burn
2.348,413.93,770.04,3593.4,32.31,burn
2.349,415.15,772.41,3606.4,32.25,burn
2.350,415.50,773.10,3633.9,32.00,burn
2.351,414.31,770.05,3593.2,32.02,burn
2.352,416.57,772.28,3644.5,32.21,burn
2.353,416.16,774.45,3617.4,31.95,burn
2.354,413.43,773.08,3623.1,31.90,burn
2.355,415.89,769.77,3609.0,32.07,burn
2.356,413.44,772.11,3570.3,32.36,burn
2.357,415.40,769.27,3617.2,32.16,burn
2.358,413.51,770.08,3572.5,32.37,burn
2.359,415.29,770.77,3580.0,31.99,burn
2.360,419.80,769.02,3645.8,32.27,burn
2.361,413.04,768.00,3614.5,32.11,burn
2.362,410.61,769.31,3576.8,32.13,burn
2.363,419.78,771.56,3650.8,32.01,burn
2.364,415.88,771.04,3619.0,32.52,burn
2.365,413.05,770.63,3621.2,31.80,burn
2.366,414.25,769.55,3649.4,32.11,burn
2.367,412.26,770.39,3598.5,31.81,burn
2.368,417.81,769.62,3675.1,32.01,burn
2.369,417.14,769.34,3647.3,32.31,burn
2.370,416.89,768.20,3634.3,32.02,burn
2.371,415.66,768.20,3627.0,32.14,burn
2.372,408.85,768.52,3554.4,31.83,burn
2.373,411.44,770.63,3579.4,32.30,burn
2.374,415.85,770.37,3629.0,32.23,burn
2.375,407.04,770.82,3507.4,32.38,burn
2.376,414.76,764.91,3630.1,31.99,burn
2.377,411.92,769.30,3569.2,32.35,burn
2.378,416.90,768.29,3658.5,32.21,burn
2.379,414.41,764.68,3612.4,32.02,burn
2.380,418.18,767.99,3635.8,32.07,burn
2.381,416.01,769.78,3585.2,32.44,burn
2.382,415.34,768.77,3601.1,32.31,burn
2.383,412.08,768.51,3592.3,32.05,burn
2.384,416.88,768.65,3619.3,31.82,burn
2.385,422.14,769.32,3647.7,32.21,burn
2.386,409.87,767.99,3557.5,32.36,burn
2.387,411.93,767.96,3606.6,31.97,burn
2.388,419.99,767.30,3658.3,32.59,burn
2.389,416.54,770.53,3660.7,32.73,burn
2.390,414.11,769.24,3614.2,32.28,burn
2.391,417.35,766.69,3589.2,31.98,burn
2.392,416.00,766.43,3640.3,32.10,burn
2.393,413.04,769.37,3599.3,31.87,burn
2.394,413.00,768.60,3626.8,32.14,burn
2.395,417.57,766.25,3629.0,32.15,burn
2.396,416.03,765.70,3680.3,31.93,burn
2.397,418.23,765.39,3681.5,31.76,burn
2.398,416.96,769.82,3583.8,32.08,burn
2.399,413.16,769.82,3611.3,32.07,burn
2.400,419.57,769.32,3653.2,32.37,burn
2.401,412.23,767.02,3566.8,32.13,burn
2.402,413.64,766.64,3565.8,32.31,burn
2.403,412.65,766.72,3581.8,31.88,burn
2.404,410.80,764.01,3571.0,32.24,burn
2.405,416.87,769.15,3626.5,32.35,burn
2.406,411.84,769.06,3584.3,32.24,burn
2.407,412.95,766.74,3573.4,32.23,burn
2.408,417.83,766.16,3591.2,32.11,burn
2.409,417.60,768.67,3683.6,32.32,burn
2.410,413.14,766.68,3558.5,32.29,burn
2.411,411.08,767.90,3585.0,31.98,burn
2.412,414.69,765.27,3641.1,32.14,burn
2.413,410.21,769.91,3562.6,32.21,burn
2.414,411.97,766.43,3590.9,32.25,burn
2.415,413.84,763.25,3592.5,32.17,burn
2.416,414.53,768.18,3648.2,32.22,burn
2.417,413.33,769.00,3578.9,32.23,burn
2.418,414.56,766.24,3608.4,32.17,burn
2.419,419.15,769.84,3662.2,32.30,burn
2.420,416.88,769.20,3675.6,31.88,burn
2.421,419.14,767.78,3678.2,32.05,burn
2.422,417.69,766.70,3599.1,32.32,burn
2.423,415.70,768.20,3617.7,32.09,burn
2.424,411.36,766.88,3609.6,32.00,burn
2.425,410.99,767.80,3598.7,32.32,burn
2.426,414.94,766.07,3591.0,32.35,burn
2.427,413.77,766.28,3621.0,32.28,burn
2.428,412.20,766.51,3564.3,32.09,burn
2.429,416.23,767.97,3594.4,31.85,burn
2.430,418.67,765.79,3600.7,32.24,burn
2.431,414.80,764.97,3589.4,32.45,burn
2.432,415.26,768.16,3536.7,32.33,burn
2.433,413.36,765.07,3556.2,32.33,burn
2.434,412.94,768.70,3643.2,32.65,burn
2.435,420.92,765.81,3652.5,32.14,burn
2.436,411.23,765.06,3601.2,32.24,burn
2.437,414.52,764.76,3564.8,32.29,burn
2.438,413.66,766.40,3593.2,32.28,burn
2.439,414.67,765.80,3613.9,32.04,burn
2.440,418.14,764.78,3637.1,31.92,burn
2.441,417.98,767.29,3643.5,32.65,burn
2.442,414.58,766.00,3610.6,32.27,burn
2.443,418.37,765.99,3628.5,32.06,burn
2.444,412.70,766.76,3569.2,32.31,burn
2.445,416.07,767.35,3625.0,32.55,burn
2.446,420.34,767.10,3634.0,32.33,burn
2.447,413.27,765.40,3549.9,32.28,burn
2.448,415.62,765.62,3634.6,32.42,burn
2.449,419.50,767.70,3654.5,31.86,burn
2.450,412.47,763.13,3588.9,32.33,burn
2.451,415.19,766.83,3640.2,32.12,burn
2.452,414.06,766.66,3651.9,32.30,burn
2.453,411.65,764.17,3578.6,32.14,burn
2.454,416.21,762.62,3614.2,32.34,burn
2.455,412.47,765.49,3596.1,32.12,burn
2.456,419.97,764.46,3626.3,32.59,burn
2.457,415.06,765.73,3654.1,32.19,burn
2.458,414.37,761.78,3615.0,32.62,burn
2.459,415.12,766.25,3604.5,32.48,burn
2.460,415.31,767.18,3596.0,31.98,burn
2.461,414.40,763.28,3584.7,32.19,burn
2.462,415.17,763.10,3627.1,32.75,burn
2.463,413.28,767.16,3578.5,32.45,burn
2.464,413.50,765.61,3582.2,32.24,burn
2.465,416.58,764.66,3600.2,32.45,burn
2.466,408.59,765.96,3576.7,32.25,burn
2.467,412.60,763.83,3627.3,32.07,burn
2.468,415.03,763.37,3609.1,32.37,burn
2.469,416.03,766.60,3592.0,32.87,burn
2.470,413.83,763.61,3568.2,32.29,burn
2.471,415.41,764.96,3600.2,32.29,burn
2.472,413.95,763.15,3600.2,32.08,burn
2.473,409.42,761.06,3520.1,32.32,burn
2.474,417.82,765.28,3611.3,32.53,burn
2.475,415.80,765.39,3684.5,32.38,burn
2.476,412.13,762.51,3587.3,32.33,burn
2.477,419.42,767.14,3642.7,32.57,burn
2.478,417.03,766.36,3619.5,32.31,burn
2.479,413.12,762.75,3622.1,32.68,burn
2.480,418.32,763.36,3657.4,32.37,burn
2.481,416.62,764.51,3659.7,32.36,burn
2.482,417.49,764.10,3631.1,32.36,burn
2.483,413.19,762.26,3610.1,32.39,burn
2.484,413.33,763.71,3583.8,32.29,burn
2.485,412.53,763.79,3578.4,32.07,burn
2.486,413.38,759.68,3608.9,32.10,burn
2.487,408.06,763.24,3581.9,32.89,burn
2.488,418.25,763.43,3638.3,32.46,burn
2.489,411.46,761.69,3599.8,32.61,burn
2.490,416.71,762.69,3614.1,32.34,burn
2.491,411.11,764.19,3546.3,32.39,burn
2.492,415.35,761.79,3569.1,32.86,burn
2.493,411.42,760.19,3552.0,32.53,burn
2.494,414.94,760.49,3657.1,32.68,burn
2.495,410.20,762.52,3595.1,32.50,burn
2.496,413.22,764.69,3668.7,32.72,burn
2.497,416.98,764.98,3604.4,32.73,burn
2.498,415.64,760.35,3625.4,32.59,burn
2.499,415.51,761.51,3645.2,32.20,burn
2.500,412.42,762.24,3608.1,32.72,burn
2.501,408.41,763.27,3546.8,32.34,burn
2.502,412.32,761.55,3579.9,32.30,burn
2.503,413.47,762.97,3579.4,32.57,burn
2.504,419.44,760.54,3690.1,32.91,burn
2.505,416.71,760.10,3682.5,32.33,burn
2.506,415.95,760.74,3587.8,32.09,burn
2.507,413.25,762.42,3581.1,32.69,burn
2.508,412.81,762.34,3612.2,32.51,burn
2.509,416.92,761.02,3636.9,32.38,burn
2.510,413.88,760.74,3626.9,32.14,burn
2.511,413.99,762.76,3577.8,32.45,burn
2.512,420.75,760.86,3622.1,32.86,burn
2.513,412.05,760.65,3539.1,32.81,burn
2.514,414.16,763.12,3641.5,32.91,burn
2.515,414.25,761.00,3600.4,32.49,burn
2.516,413.05,758.99,3598.8,32.34,burn
2.517,410.77,762.26,3625.1,32.79,burn
2.518,418.82,763.55,3680.4,32.51,burn
2.519,410.76,761.18,3615.3,32.37,burn
2.520,412.28,762.21,3561.6,33.01,burn
2.521,415.77,761.75,3575.3,32.56,burn
2.522,411.27,763.89,3558.0,32.32,burn
2.523,414.53,758.54,3593.7,32.81,burn
2.524,414.23,760.47,3607.1,32.48,burn
2.525,414.29,762.22,3591.1,32.71,burn
2.526,414.58,761.43,3615.5,32.54,burn
2.527,410.77,762.33,3608.4,32.60,burn
2.528,413.35,760.88,3552.1,32.51,burn
2.529,418.85,761.58,3648.3,32.85,burn
2.530,418.49,761.49,3672.2,32.69,burn
2.531,413.26,761.92,3606.7,32.58,burn
2.532,418.25,761.64,3633.3,32.94,burn
2.533,412.18,761.11,3613.0,32.92,burn
2.534,410.91,761.47,3584.0,32.37,burn
2.535,408.95,762.18,3551.4,32.34,burn
2.536,411.66,760.07,3583.3,32.66,burn
2.537,416.38,759.18,3619.0,32.53,burn
2.538,414.02,762.28,3612.9,32.50,burn
2.539,419.98,759.08,3674.9,32.43,burn
2.540,417.52,761.07,3615.1,32.93,burn
2.541,413.94,763.60,3628.5,32.93,burn
2.542,414.33,760.93,3567.0,32.67,burn
2.543,414.35,761.00,3574.0,32.57,burn
2.544,418.00,763.50,3670.4,32.69,burn
2.545,413.85,759.31,3602.4,32.63,burn
2.546,414.96,760.30,3626.5,32.67,burn
2.547,412.79,761.52,3593.0,32.34,burn
2.548,418.90,760.97,3639.6,32.44,burn
2.549,413.95,760.28,3562.6,32.57,burn
2.550,413.06,756.49,3612.6,32.63,burn
2.551,410.44,759.04,3582.6,32.89,burn
2.552,417.90,760.29,3602.6,32.64,burn
2.553,413.22,760.04,3576.1,32.62,burn
2.554,414.79,758.98,3590.0,32.88,burn
2.555,413.77,760.08,3596.0,32.71,burn
2.556,414.44,758.66,3588.7,32.67,burn
2.557,409.05,762.51,3544.6,32.47,burn
2.558,412.65,759.76,3519.8,32.92,burn
2.559,411.75,758.43,3592.2,32.44,burn
2.560,421.54,758.01,3702.4,32.64,burn
2.561,419.04,759.85,3600.8,32.63,burn
2.562,416.31,760.07,3674.5,32.33,burn
2.563,422.46,759.70,3682.3,32.68,burn
2.564,418.83,760.29,3657.9,32.55,burn
2.565,410.97,755.09,3539.5,32.80,burn
2.566,411.14,759.13,3555.6,32.64,burn
2.567,415.80,760.56,3619.5,32.82,burn
2.568,414.79,760.62,3575.0,32.83,burn
2.569,415.63,759.07,3626.3,32.61,burn
2.570,412.53,757.68,3590.9,32.77,burn
2.571,420.54,757.69,3664.6,32.54,burn
2.572,413.95,760.69,3575.6,32.78,burn
2.573,418.36,757.96,3657.0,32.82,burn
2.574,419.38,757.81,3655.7,32.89,burn
2.575,413.24,754.45,3612.9,32.92,burn
2.576,416.73,756.34,3628.9,32.99,burn
2.577,419.78,757.38,3695.8,32.67,burn
2.578,419.37,757.72,3678.6,32.95,burn
2.579,417.26,758.43,3588.4,32.61,burn
2.580,416.32,758.59,3614.9,32.59,burn
2.581,415.24,759.21,3561.7,32.85,burn
2.582,418.81,758.44,3645.2,32.72,burn
2.583,416.75,757.83,3638.4,32.89,burn
2.584,415.37,757.83,3638.8,32.96,burn
2.585,413.58,759.61,3611.6,32.81,burn
2.586,410.94,758.60,3566.0,32.44,burn
2.587,414.48,755.18,3566.4,32.49,burn
2.588,420.59,757.54,3690.4,32.47,burn
2.589,413.55,758.18,3634.9,32.80,burn
2.590,413.08,758.38,3620.4,32.89,burn
2.591,414.28,755.12,3603.2,33.07,burn
2.592,414.36,757.17,3632.9,32.68,burn
2.593,413.32,758.18,3577.3,32.64,burn
2.594,416.93,756.27,3591.6,32.95,burn
2.595,415.98,756.62,3613.2,32.95,burn
2.596,418.55,756.41,3626.1,32.53,burn
2.597,416.80,758.36,3609.1,32.83,burn
2.598,415.56,755.59,3611.0,32.81,burn
2.599,408.69,755.69,3537.7,32.55,burn
2.600,415.59,755.17,3617.0,32.89,burn
2.601,413.04,760.14,3576.5,32.81,burn
2.602,418.23,757.90,3606.7,32.62,burn
2.603,415.22,756.93,3595.7,32.81,burn
2.604,412.71,757.31,3644.0,32.69,burn
2.605,413.37,760.43,3592.2,33.19,burn
2.606,411.40,757.03,3605.4,32.80,burn
2.607,413.36,759.25,3543.0,32.30,burn
2.608,415.95,755.47,3646.5,33.12,burn
2.609,418.54,754.76,3673.6,32.65,burn
2.610,416.56,755.95,3641.9,32.83,burn
2.611,417.43,756.80,3616.7,32.89,burn
2.612,417.67,757.26,3635.6,32.87,burn
2.613,414.03,756.17,3579.8,33.24,burn
2.614,419.36,757.98,3643.5,32.82,burn
2.615,410.94,757.95,3551.7,32.65,burn
2.616,415.37,759.03,3613.1,32.86,burn
2.617,413.42,755.54,3612.6,32.81,burn
2.618,409.10,754.27,3577.4,33.04,burn
2.619,419.98,756.52,3677.3,32.81,burn
2.620,409.01,755.31,3560.3,32.70,burn
2.621,417.07,756.29,3662.8,32.89,burn
2.622,420.38,754.63,3670.4,32.37,burn
2.623,414.39,756.72,3623.7,33.39,burn
2.624,414.65,757.18,3598.9,32.88,burn
2.625,409.30,756.81,3553.6,32.75,burn
2.626,414.25,756.86,3581.2,32.80,burn
2.627,419.35,756.47,3645.3,32.98,burn
2.628,413.43,755.41,3570.2,32.74,burn
2.629,412.08,752.74,3575.4,33.12,burn
2.630,408.05,754.25,3612.0,32.93,burn
2.631,418.86,755.74,3677.2,33.13,burn
2.632,416.24,756.57,3600.0,32.86,burn
2.633,414.09,752.60,3582.6,33.35,burn
2.634,418.13,757.88,3623.0,32.86,burn
2.635,413.41,755.23,3610.2,32.69,burn
2.636,414.00,756.76,3582.9,32.90,burn
2.637,421.37,753.83,3703.1,32.77,burn
2.638,412.31,756.93,3592.4,32.82,burn
2.639,415.87,753.59,3612.9,33.00,burn
2.640,415.67,757.91,3595.8,33.01,burn
2.641,415.29,753.96,3611.6,32.69,burn
2.642,415.02,756.91,3601.5,32.83,burn
2.643,411.08,754.43,3567.7,33.11,burn
2.644,414.59,755.56,3578.9,32.75,burn
2.645,414.27,756.12,3611.8,32.91,burn
2.646,412.99,755.54,3608.4,33.05,burn
2.647,412.50,754.80,3598.1,33.09,burn
2.648,411.99,753.58,3563.2,33.19,burn
2.649,412.57,755.44,3629.9,33.11,burn
2.650,416.23,755.25,3614.5,32.89,burn
2.651,415.11,752.88,3580.0,32.75,burn
2.652,419.97,753.98,3623.2,32.86,burn
2.653,416.81,752.19,3619.9,33.22,burn
2.654,413.21,754.29,3603.1,32.86,burn
2.655,413.38,753.26,3610.9,32.98,burn
2.656,414.48,752.42,3597.6,33.13,burn
2.657,413.95,752.08,3612.1,33.00,burn
2.658,415.01,755.21,3635.5,33.06,burn
2.659,420.82,752.65,3674.5,32.99,burn
2.660,414.54,754.23,3620.4,32.91,burn
2.661,415.40,750.21,3572.1,32.80,burn
2.662,411.43,754.55,3542.5,32.75,burn
2.663,410.50,752.68,3540.8,32.97,burn
2.664,414.59,755.43,3595.3,32.85,burn
2.665,413.75,752.33,3606.8,32.65,burn
2.666,415.61,755.20,3609.1,33.20,burn
2.667,419.07,753.09,3649.7,32.89,burn
2.668,413.47,752.18,3605.8,33.04,burn
2.669,412.95,754.52,3568.0,32.72,burn
2.670,417.94,754.28,3676.2,33.01,burn
2.671,413.69,752.27,3653.0,33.17,burn
2.672,415.17,753.62,3638.0,32.74,burn
2.673,414.68,751.34,3633.2,32.77,burn
2.674,420.64,751.89,3631.0,32.94,burn
2.675,409.95,752.97,3546.1,33.30,burn
2.676,412.54,754.96,3610.2,33.13,burn
2.677,416.95,749.64,3659.7,32.86,burn
2.678,418.48,750.30,3658.1,32.83,burn
2.679,411.91,749.90,3621.5,32.99,burn
2.680,418.54,749.47,3632.2,32.94,burn
2.681,413.59,753.79,3637.4,32.96,burn
2.682,412.82,751.53,3576.3,32.93,burn
2.683,413.11,751.08,3568.2,33.01,burn
2.684,416.06,753.08,3640.6,32.94,burn
2.685,416.45,753.16,3622.8,33.09,burn
2.686,412.38,753.22,3570.9,33.02,burn
2.687,415.62,754.74,3590.5,33.03,burn
2.688,413.85,751.03,3623.5,33.30,burn
2.689,411.42,751.66,3566.5,33.08,burn
2.690,420.08,751.11,3667.3,33.17,burn
2.691,412.10,753.60,3582.9,32.98,burn
2.692,415.31,751.58,3588.8,32.86,burn
2.693,411.51,751.13,3587.7,32.59,burn
2.694,413.71,752.17,3598.9,32.98,burn
2.695,415.27,751.93,3601.6,33.07,burn
2.696,415.48,752.98,3631.6,33.19,burn
2.697,411.93,753.05,3572.1,33.12,burn
2.698,414.64,751.36,3627.4,32.95,burn
2.699,416.05,751.08,3626.8,33.00,burn
2.700,419.45,750.51,3621.7,33.20,burn
2.701,417.39,750.95,3663.8,33.22,burn
2.702,418.22,754.78,3639.6,32.75,burn
2.703,416.90,751.59,3639.8,32.59,burn
2.704,413.00,750.32,3635.5,33.08,burn
2.705,414.01,753.07,3593.7,33.31,burn
2.706,417.72,750.83,3607.5,33.37,burn
2.707,412.94,747.27,3584.4,33.07,burn
2.708,411.64,750.54,3564.6,33.18,burn
2.709,414.87,750.70,3598.3,32.75,burn
2.710,409.55,752.88,3595.0,33.68,burn
2.711,412.65,753.13,3616.3,33.13,burn
2.712,411.58,751.91,3594.6,33.08,burn
2.713,413.76,752.81,3538.9,33.23,burn
2.714,418.94,749.94,3629.9,33.46,burn
2.715,421.96,749.51,3720.9,33.18,burn
2.716,416.78,750.43,3633.7,33.03,burn
2.717,412.12,750.61,3624.7,33.33,burn
2.718,417.19,750.87,3666.3,32.87,burn
2.719,416.26,750.25,3601.3,33.51,burn
2.720,413.19,750.73,3606.6,32.92,burn
2.721,417.64,751.05,3667.7,33.48,burn
2.722,413.55,749.44,3621.7,33.49,burn
2.723,413.26,751.29,3641.7,33.34,burn
2.724,415.17,749.94,3578.3,33.09,burn
2.725,417.06,749.61,3633.8,33.10,burn
2.726,413.90,749.99,3622.7,32.90,burn
2.727,416.07,752.06,3670.0,33.16,burn
2.728,409.51,751.45,3550.5,33.29,burn
2.729,415.88,750.95,3607.9,33.12,burn
2.730,413.56,749.91,3566.6,33.23,burn
2.731,413.43,747.24,3568.0,33.22,burn
2.732,407.42,750.23,3546.8,33.04,burn
2.733,410.65,748.30,3609.8,32.50,burn
2.734,409.76,749.43,3542.4,33.46,burn
2.735,416.82,749.42,3685.1,33.16,burn
2.736,412.23,749.23,3591.9,33.03,burn
2.737,415.82,749.03,3659.1,33.21,burn
2.738,416.98,748.60,3617.1,33.27,burn
2.739,413.36,750.94,3580.8,33.30,burn
2.740,411.92,749.59,3558.3,33.42,burn
2.741,418.63,749.45,3688.6,33.52,burn
2.742,415.79,749.91,3599.2,33.24,burn
2.743,411.30,749.76,3564.6,33.10,burn
2.744,416.44,748.98,3650.4,33.04,burn
2.745,413.01,748.04,3565.3,32.83,burn
2.746,416.39,749.74,3640.0,33.24,burn
2.747,417.48,749.93,3674.2,33.24,burn
2.748,412.55,748.46,3600.9,33.08,burn
2.749,416.47,750.67,3633.4,33.43,burn
2.750,405.97,747.30,3505.1,33.49,burn
2.751,416.64,749.71,3653.6,33.44,burn
2.752,409.12,744.76,3546.2,33.38,burn
2.753,422.58,749.13,3693.6,33.41,burn
2.754,416.06,749.54,3667.1,33.27,burn
2.755,413.16,746.87,3611.5,33.40,burn
2.756,418.40,747.12,3653.1,33.16,burn
2.757,412.65,747.57,3593.7,33.31,burn
2.758,415.36,746.51,3635.5,33.33,burn
2.759,414.15,749.32,3592.4,33.08,burn
2.760,415.00,750.88,3570.8,33.19,burn
2.761,413.32,747.11,3616.3,33.07,burn
2.762,416.31,748.86,3648.4,33.32,burn
2.763,412.78,746.87,3604.8,33.21,burn
2.764,415.34,743.75,3604.5,33.18,burn
2.765,416.89,746.92,3653.6,33.19,burn
2.766,413.21,748.19,3558.3,33.52,burn
2.767,417.51,746.65,3624.9,33.46,burn
2.768,416.46,747.54,3674.3,33.19,burn
2.769,414.11,748.83,3631.5,33.25,burn
2.770,413.46,746.02,3607.9,33.47,burn
2.771,414.85,748.38,3611.4,33.54,burn
2.772,413.64,747.26,3618.6,33.11,burn
2.773,413.46,747.59,3637.5,33.11,burn
2.774,414.60,749.29,3632.5,33.02,burn
2.775,414.36,747.62,3546.2,33.57,burn
2.776,415.32,745.82,3636.5,33.45,burn
2.777,419.26,747.57,3640.7,33.17,burn
2.778,417.74,747.24,3661.3,33.34,burn
2.779,417.55,747.15,3644.9,33.04,burn
2.780,416.55,746.00,3636.0,33.65,burn
2.781,413.19,747.86,3588.3,33.44,burn
2.782,411.82,749.75,3559.1,33.23,burn
2.783,414.32,743.65,3616.2,33.55,burn
2.784,418.56,748.30,3669.6,32.93,burn
2.785,418.60,749.34,3618.1,33.38,burn
2.786,410.63,748.22,3561.8,33.42,burn
2.787,409.68,747.52,3600.9,33.09,burn
2.788,420.02,745.37,3649.3,33.49,burn
2.789,419.28,746.03,3621.6,33.42,burn
2.790,413.12,747.92,3581.4,33.16,burn
2.791,414.77,744.75,3615.3,33.38,burn
2.792,415.15,746.80,3650.7,33.60,burn
2.793,418.31,747.77,3605.7,33.30,burn
2.794,413.54,746.46,3661.2,33.39,burn
2.795,416.78,746.39,3620.6,33.15,burn
2.796,415.82,745.77,3612.3,33.23,burn
2.797,415.90,745.21,3598.3,32.96,burn
2.798,418.16,749.03,3636.2,33.32,burn
2.799,415.44,747.92,3621.2,33.58,burn
2.800,411.16,747.38,3594.6,33.31,burn
2.801,417.71,745.66,3622.1,33.41,burn
2.802,413.54,745.79,3582.6,33.47,burn
2.803,417.69,747.38,3640.4,33.40,burn
2.804,415.79,747.00,3611.4,33.11,burn
2.805,412.07,744.21,3525.3,33.57,burn
2.806,415.77,745.74,3585.4,33.30,burn
2.807,413.09,745.45,3590.6,33.41,burn
2.808,415.81,743.46,3606.7,33.47,burn
2.809,413.79,745.67,3556.0,33.71,burn
2.810,418.03,745.82,3682.3,33.21,burn
2.811,412.86,744.69,3615.0,33.22,burn
2.812,413.90,744.22,3622.2,33.26,burn
2.813,412.90,748.04,3575.7,33.20,burn
2.814,412.62,744.83,3615.6,33.07,burn
2.815,414.19,745.12,3598.4,33.73,burn
2.816,415.64,744.45,3625.1,33.57,burn
2.817,416.68,743.74,3619.8,33.41,burn
2.818,415.15,746.41,3638.8,33.51,burn
2.819,413.63,746.07,3614.9,33.66,burn
2.820,410.32,743.76,3572.7,33.95,burn
2.821,417.83,744.63,3640.1,33.35,burn
2.822,413.48,743.82,3590.2,33.35,burn
2.823,416.20,743.84,3612.3,33.52,burn
2.824,411.80,745.73,3591.8,33.41,burn
2.825,419.54,743.66,3636.1,33.30,burn
2.826,417.07,743.95,3606.9,33.49,burn
2.827,412.33,744.89,3602.3,33.30,burn
2.828,416.04,744.11,3614.8,33.51,burn
2.829,419.03,744.91,3649.1,33.45,burn
2.830,414.47,745.53,3559.2,33.64,burn
2.831,409.90,744.83,3563.6,33.59,burn
2.832,416.37,746.65,3636.5,33.89,burn
2.833,420.54,744.18,3606.7,33.68,burn
2.834,410.21,744.66,3614.3,33.32,burn
2.835,418.07,745.93,3667.4,33.53,burn
2.836,414.30,741.71,3595.4,33.55,burn
2.837,414.73,742.35,3653.9,33.57,burn
2.838,415.58,743.51,3622.4,33.42,burn
2.839,415.04,744.47,3585.2,33.33,burn
2.840,417.59,745.04,3624.7,33.71,burn
2.841,411.51,742.23,3592.9,33.22,burn
2.842,414.74,744.06,3622.4,33.32,burn
2.843,412.19,743.06,3564.7,33.56,burn
2.844,413.47,741.99,3566.1,33.16,burn
2.845,423.92,743.03,3664.3,33.47,burn
2.846,412.46,743.49,3644.0,33.50,burn
2.847,416.35,741.94,3656.1,33.61,burn
2.848,415.92,744.24,3615.3,33.59,burn
2.849,409.24,739.70,3555.7,33.72,burn
2.850,411.56,743.42,3562.5,33.54,burn
2.851,409.55,744.50,3585.5,33.54,burn
2.852,414.54,743.46,3572.9,33.64,burn
2.853,411.06,742.26,3603.5,33.37,burn
2.854,412.31,740.90,3601.2,33.56,burn
2.855,410.39,742.23,3561.6,33.22,burn
2.856,417.02,742.24,3621.6,33.78,burn
2.857,416.79,740.39,3631.6,33.66,burn
2.858,419.46,743.23,3647.3,33.49,burn
2.859,414.47,743.79,3656.8,33.82,burn
2.860,417.21,741.79,3636.5,33.53,burn
2.861,418.39,742.83,3723.9,33.71,burn
2.862,421.28,743.84,3620.8,34.13,burn
2.863,411.25,744.36,3534.7,33.66,burn
2.864,412.57,740.82,3593.9,33.52,burn
2.865,412.06,743.86,3578.9,33.96,burn
2.866,410.84,742.80,3576.7,33.58,burn
2.867,417.14,742.50,3623.7,33.65,burn
2.868,417.18,745.47,3613.4,34.18,burn
2.869,410.81,742.09,3580.8,33.28,burn
2.870,411.74,738.84,3637.4,33.27,burn
2.871,415.94,743.28,3660.9,33.75,burn
2.872,413.52,741.68,3601.1,33.74,burn
2.873,415.69,741.91,3600.3,33.23,burn
2.874,414.49,740.39,3605.1,33.39,burn
2.875,418.18,742.09,3572.3,33.91,burn
2.876,418.38,744.00,3653.5,33.59,burn
2.877,409.51,743.36,3557.5,33.84,burn
2.878,419.07,741.64,3593.7,33.77,burn
2.879,413.55,741.42,3617.8,33.47,burn
2.880,411.60,743.27,3563.2,33.70,burn
2.881,416.81,742.83,3612.1,33.91,burn
2.882,412.06,743.89,3609.7,33.78,burn
2.883,411.23,741.13,3586.2,33.87,burn
2.884,413.97,741.95,3611.9,33.66,burn
2.885,419.08,741.56,3669.8,33.59,burn
2.886,409.55,741.58,3543.6,33.94,burn
2.887,411.88,741.02,3557.7,33.66,burn
2.888,409.93,741.99,3562.2,33.55,burn
2.889,411.39,743.09,3612.8,33.71,burn
2.890,414.55,740.44,3596.0,33.76,burn
2.891,411.04,742.51,3598.1,33.82,burn
2.892,415.93,740.03,3620.4,33.69,burn
2.893,415.32,743.13,3609.6,33.69,burn
2.894,417.17,741.61,3619.9,33.29,burn
2.895,420.76,739.52,3631.9,33.84,burn
2.896,412.03,737.89,3581.3,33.42,burn
2.897,413.56,740.19,3572.0,33.75,burn
2.898,413.19,742.52,3595.8,33.46,burn
2.899,413.64,738.91,3639.3,33.65,burn
2.900,416.21,740.77,3669.8,33.59,burn
2.901,416.80,739.94,3631.2,33.74,burn
2.902,413.48,740.33,3607.6,33.86,burn
2.903,419.00,740.99,3673.4,33.74,burn
2.904,414.19,739.83,3576.7,33.60,burn
2.905,414.65,741.39,3590.9,33.61,burn
2.906,412.33,740.97,3561.5,33.80,burn
2.907,417.00,739.22,3612.2,33.75,burn
2.908,417.24,742.50,3592.8,33.87,burn
2.909,415.01,740.11,3584.0,33.72,burn
2.910,408.54,738.49,3539.6,33.79,burn
2.911,414.27,742.15,3623.7,33.63,burn
2.912,416.78,742.15,3586.1,33.58,burn
2.913,413.75,740.71,3570.3,33.97,burn
2.914,414.71,743.21,3584.1,33.43,burn
2.915,416.54,738.52,3625.1,33.84,burn
2.916,409.54,741.14,3578.8,33.85,burn
2.917,417.38,737.66,3640.1,33.92,burn
2.918,409.32,741.92,3591.7,33.82,burn
2.919,415.29,740.46,3637.5,33.70,burn
2.920,416.72,740.87,3524.9,33.55,burn
2.921,413.49,738.07,3579.9,33.78,burn
2.922,416.40,739.23,3586.9,33.53,burn
2.923,416.48,739.34,3598.8,33.80,burn
2.924,413.40,739.06,3593.9,33.58,burn
2.925,413.73,739.26,3620.9,34.00,burn
2.926,417.41,740.42,3613.0,33.64,burn
2.927,415.92,741.47,3601.6,33.76,burn
2.928,416.80,741.10,3664.9,34.02,burn
2.929,416.23,740.16,3647.5,33.68,burn
2.930,413.29,737.29,3553.3,34.07,burn
2.931,411.83,738.66,3576.5,33.70,burn
2.932,411.94,736.52,3579.6,33.77,burn
2.933,410.99,739.37,3575.4,33.78,burn
2.934,408.97,741.32,3597.7,33.89,burn
2.935,413.23,739.68,3583.5,33.73,burn
2.936,412.30,739.41,3580.5,33.51,burn
2.937,415.19,738.79,3613.3,33.63,burn
2.938,414.32,737.69,3604.6,34.16,burn
2.939,416.12,741.49,3632.0,33.65,burn
2.940,418.38,740.26,3610.4,33.57,burn
2.941,412.06,737.68,3590.7,34.04,burn
2.942,414.25,737.73,3604.9,33.69,burn
2.943,413.86,737.30,3618.2,33.85,burn
2.944,412.38,739.54,3567.8,33.80,burn
2.945,411.42,737.71,3567.4,33.79,burn
2.946,415.18,737.31,3587.5,33.81,burn
2.947,415.79,741.15,3600.5,33.71,burn
2.948,414.17,737.43,3609.9,33.93,burn
2.949,416.69,739.66,3626.9,33.95,burn
2.950,415.94,736.19,3642.8,33.68,burn
2.951,418.03,737.35,3615.0,33.51,burn
2.952,415.13,737.39,3597.5,33.88,burn
2.953,415.46,739.20,3580.7,33.89,burn
2.954,418.36,736.98,3607.9,33.85,burn
2.955,413.71,739.54,3609.9,33.64,burn
2.956,416.39,736.79,3603.8,33.96,burn
2.957,417.99,737.05,3636.6,33.94,burn
2.958,417.71,738.86,3599.1,33.57,burn
2.959,417.50,735.69,3667.0,33.82,burn
2.960,416.88,737.29,3595.9,33.86,burn
2.961,414.15,736.50,3594.8,33.80,burn
2.962,417.95,737.19,3644.7,33.95,burn
2.963,413.49,738.01,3596.8,34.03,burn
2.964,413.74,737.46,3595.2,33.94,burn
2.965,414.36,738.79,3608.8,33.71,burn
2.966,416.63,738.16,3628.5,34.02,burn
2.967,419.83,736.05,3650.0,33.68,burn
2.968,418.96,737.28,3676.4,34.26,burn
2.969,418.82,736.34,3611.3,33.99,burn
2.970,417.08,735.11,3644.0,33.94,burn
2.971,415.47,735.96,3611.7,33.86,burn
2.972,412.40,737.35,3517.9,34.03,burn
2.973,413.25,733.59,3631.7,33.80,burn
2.974,415.42,737.06,3617.8,33.86,burn
2.975,420.12,738.24,3669.7,33.55,burn
2.976,416.74,736.89,3611.7,33.96,burn
2.977,416.12,734.80,3604.8,33.89,burn
2.978,416.74,738.25,3645.5,34.29,burn
2.979,410.98,736.60,3546.5,33.69,burn
2.980,413.02,738.18,3635.9,34.00,burn
2.981,416.55,735.29,3621.2,34.15,burn
2.982,418.07,738.20,3627.6,33.86,burn
2.983,413.22,734.78,3591.4,33.92,burn
2.984,416.68,737.68,3665.8,34.00,burn
2.985,409.35,733.62,3511.1,34.31,burn
2.986,416.51,736.81,3594.6,34.24,burn
2.987,419.28,736.87,3690.2,33.86,burn
2.988,414.40,734.80,3632.7,34.05,burn
2.989,413.15,737.08,3587.6,33.75,burn
2.990,423.03,735.28,3636.1,34.07,burn
2.991,415.15,734.78,3645.7,33.92,burn
2.992,419.15,735.61,3646.4,33.98,burn
2.993,413.05,735.73,3632.0,34.06,burn
2.994,411.44,738.45,3573.8,34.46,burn
2.995,410.41,738.15,3576.5,33.70,burn
2.996,417.99,737.10,3625.9,34.03,burn
2.997,410.03,734.12,3572.4,34.05,burn
2.998,409.01,734.68,3562.7,33.85,burn
2.999,413.16,732.96,3542.5,34.10,burn
3.000,413.83,733.15,3604.6,34.13,burn
3.001,414.17,735.97,3576.7,33.88,burn
3.002,411.28,735.18,3578.1,33.95,burn
3.003,412.58,731.67,3590.6,33.73,burn
3.004,415.17,736.26,3622.5,34.08,burn
3.005,409.20,735.82,3527.5,33.63,burn
3.006,415.29,736.18,3669.4,33.81,burn
3.007,416.82,735.20,3638.3,34.03,burn
3.008,419.12,732.09,3645.1,33.98,burn
3.009,416.37,735.87,3616.3,33.65,burn
3.010,418.47,735.36,3627.9,34.25,burn
3.011,415.90,736.07,3618.9,34.13,burn
3.012,419.48,734.75,3632.9,34.26,burn
3.013,415.38,733.01,3604.2,33.98,burn
3.014,421.26,735.32,3659.0,34.36,burn
3.015,416.80,735.06,3652.7,33.84,burn
3.016,413.33,734.85,3607.6,33.80,burn
3.017,415.55,733.88,3628.7,33.86,burn
3.018,409.77,733.65,3573.2,33.67,burn
3.019,418.63,731.07,3612.9,33.94,burn
3.020,414.18,732.24,3521.4,34.48,burn
3.021,418.70,733.83,3656.6,34.17,burn
3.022,421.63,730.15,3627.0,34.23,burn
3.023,415.03,731.44,3605.2,33.97,burn
3.024,415.11,733.37,3628.4,33.99,burn
3.025,414.55,734.81,3574.3,34.21,burn
3.026,416.12,735.16,3625.0,34.18,burn
3.027,421.65,734.10,3693.1,34.36,burn
3.028,418.85,734.40,3646.1,33.97,burn
3.029,415.72,735.54,3617.2,34.32,burn
3.030,418.18,737.02,3658.2,34.03,burn
3.031,408.83,733.84,3539.7,33.78,burn
3.032,415.37,732.49,3599.6,33.93,burn
3.033,406.51,733.48,3552.2,33.94,burn
3.034,418.37,731.21,3658.0,34.10,burn
3.035,408.49,732.84,3532.0,33.99,burn
3.036,416.64,734.39,3625.3,34.73,burn
3.037,412.29,734.77,3571.4,34.14,burn
3.038,422.68,734.33,3698.1,34.21,burn
3.039,411.21,733.25,3583.4,34.23,burn
3.040,414.01,734.65,3665.1,34.00,burn
3.041,420.08,734.90,3608.9,34.60,burn
3.042,416.33,733.67,3606.9,34.13,burn
3.043,415.62,731.79,3610.4,34.28,burn
3.044,414.31,731.95,3589.8,34.46,burn
3.045,415.28,732.73,3605.0,34.19,burn
3.046,412.75,731.45,3613.3,34.08,burn
3.047,414.50,733.52,3536.9,34.24,burn
3.048,414.87,735.92,3599.2,34.24,burn
3.049,417.19,731.61,3669.3,34.00,burn
3.050,415.24,735.72,3599.3,33.96,burn
3.051,417.54,730.81,3573.3,34.21,burn
3.052,410.54,732.43,3567.3,34.07,burn
3.053,419.23,732.15,3626.6,34.13,burn
3.054,416.37,732.36,3609.1,34.23,burn
3.055,419.92,732.76,3676.6,34.40,burn
3.056,416.60,730.56,3608.6,34.19,burn
3.057,414.70,731.56,3614.6,34.52,burn
3.058,415.42,735.37,3624.9,34.33,burn
3.059,411.54,730.26,3602.7,34.41,burn
3.060,414.32,732.87,3584.5,34.47,burn
3.061,415.56,731.88,3612.4,33.65,burn
3.062,415.40,732.98,3611.9,34.33,burn
3.063,410.09,732.03,3544.7,34.24,burn
3.064,416.47,729.80,3605.6,33.94,burn
3.065,411.99,730.25,3565.6,34.43,burn
3.066,414.36,732.93,3596.7,34.03,burn
3.067,417.55,733.30,3622.6,34.31,burn
3.068,412.88,732.80,3649.8,34.01,burn
3.069,414.62,731.15,3595.1,34.08,burn
3.070,413.68,731.64,3562.6,34.01,burn
3.071,416.62,732.13,3627.3,34.11,burn
3.072,411.54,729.72,3589.5,34.14,burn
3.073,410.35,732.38,3557.5,34.05,burn
3.074,408.78,728.63,3592.4,34.16,burn
3.075,421.53,733.17,3694.1,34.14,burn
3.076,417.03,730.36,3570.1,34.14,burn
3.077,419.85,732.12,3687.7,34.19,burn
3.078,413.88,731.79,3581.0,34.12,burn
3.079,418.37,728.49,3620.9,34.12,burn
3.080,413.66,730.73,3569.8,34.28,burn
3.081,411.21,729.61,3582.1,34.22,burn
3.082,417.54,731.01,3638.8,34.21,burn
3.083,414.12,728.49,3575.9,34.42,burn
3.084,415.78,731.85,3618.0,34.39,burn
3.085,416.26,731.96,3616.5,34.02,burn
3.086,416.77,729.89,3591.6,34.37,burn
3.087,414.36,734.47,3599.8,34.26,burn
3.088,408.07,728.39,3584.5,34.31,burn
3.089,411.44,729.22,3617.7,33.97,burn
3.090,416.70,730.12,3638.3,34.21,burn
3.091,420.84,729.72,3660.8,34.17,burn
3.092,414.89,729.01,3609.6,34.32,burn
3.093,419.14,731.68,3630.2,34.39,burn
3.094,407.87,730.07,3559.7,33.94,burn
3.095,419.47,728.76,3646.2,33.90,burn
3.096,411.59,729.09,3597.0,33.98,burn
3.097,411.96,725.77,3597.4,34.44,burn
3.098,414.10,732.34,3567.0,34.08,burn
3.099,415.89,728.10,3607.3,34.58,burn
3.100,411.41,729.73,4457.7,34.62,burn
3.101,417.99,729.83,3642.3,34.54,burn
3.102,410.67,728.75,3585.0,34.45,burn
3.103,415.41,728.38,3630.2,34.29,burn
3.104,412.35,727.56,3614.8,33.84,burn
3.105,415.64,725.72,3611.5,34.01,burn
3.106,408.95,730.51,3556.4,35.10,burn
3.107,412.06,729.85,3591.0,34.30,burn
3.108,411.25,727.98,3585.0,34.22,burn
3.109,417.73,729.27,3630.5,34.10,burn
3.110,408.28,728.45,3538.5,34.16,burn
3.111,420.19,728.20,3681.6,34.13,burn
3.112,413.46,728.50,3546.7,34.76,burn
3.113,415.57,730.46,3580.0,34.56,burn
3.114,407.36,729.15,3528.0,34.31,burn
3.115,412.61,727.04,3597.9,34.55,burn
3.116,417.51,729.86,3623.1,34.23,burn
3.117,419.50,727.47,3694.8,34.26,burn
3.118,412.03,729.46,3591.6,34.38,burn
3.119,418.40,729.36,3637.5,34.18,burn
3.120,415.53,723.74,3602.9,34.21,burn
3.121,416.93,728.74,3663.1,34.38,burn
3.122,414.36,727.21,3602.1,34.20,burn
3.123,419.54,727.98,3610.8,34.36,burn
3.124,409.88,731.04,3560.3,34.59,burn
3.125,416.93,728.86,3634.6,34.05,burn
3.126,419.61,728.06,3655.1,34.44,burn
3.127,417.31,724.96,3634.9,34.17,burn
3.128,414.14,730.42,3601.6,34.98,burn
3.129,416.55,727.77,3581.7,34.53,burn
3.130,415.78,729.41,3625.9,34.46,burn
3.131,414.17,727.86,3608.0,34.57,burn
3.132,418.21,727.13,3633.7,34.51,burn
3.133,419.03,725.36,3617.8,34.23,burn
3.134,410.92,728.31,3605.0,34.62,burn
3.135,420.58,726.12,3648.1,34.45,burn
3.136,415.16,729.28,3595.0,34.62,burn
3.137,414.49,729.70,3625.3,34.26,burn
3.138,417.78,725.87,3622.0,34.65,burn
3.139,412.70,725.47,3592.5,34.53,burn
3.140,416.40,725.52,3623.2,33.98,burn
3.141,414.02,726.13,3609.5,34.38,burn
3.142,414.90,727.03,3666.9,34.16,burn
3.143,416.16,725.84,3613.0,34.27,burn
3.144,415.06,724.03,3638.8,34.38,burn
3.145,414.02,727.24,3597.6,34.67,burn
3.146,418.62,724.74,3591.9,34.19,burn
3.147,416.72,725.15,3637.3,34.56,burn
3.148,416.50,726.56,3595.5,34.51,burn
3.149,417.65,724.71,3642.3,34.47,burn
3.150,408.73,727.03,3539.0,34.77,burn
3.151,417.73,727.64,3618.2,34.40,burn
3.152,421.92,727.42,3619.0,34.09,burn
3.153,411.90,727.94,3587.1,34.61,burn
3.154,422.55,728.27,3690.5,34.56,burn
3.155,409.63,726.32,3560.6,34.60,burn
3.156,412.91,725.61,3619.1,34.18,burn
3.157,417.02,724.70,3592.6,34.57,burn
3.158,413.21,727.83,3616.7,34.14,burn
3.159,412.33,724.01,3623.7,34.11,burn
3.160,415.46,727.60,3608.2,34.67,burn
3.161,416.31,724.90,3653.2,34.40,burn
3.162,417.62,726.05,3663.3,34.54,burn
3.163,414.18,726.52,3611.4,34.68,burn
3.164,408.91,723.47,3561.9,34.32,burn
3.165,416.72,727.06,3632.7,34.58,burn
3.166,418.89,724.87,3623.3,34.46,burn
3.167,413.62,724.38,3606.5,34.59,burn
3.168,417.36,725.06,3622.1,34.21,burn
3.169,410.91,725.82,3592.5,34.27,burn
3.170,412.83,726.92,3560.1,34.24,burn
3.171,411.44,727.18,3612.8,34.69,burn
3.172,415.29,726.03,3541.6,34.58,burn
3.173,411.49,724.82,3585.2,34.44,burn
3.174,419.97,725.16,3625.3,34.17,burn
3.175,416.54,725.44,3629.9,34.56,burn
3.176,415.13,723.79,3597.4,34.44,burn
3.177,417.15,724.52,3620.1,34.51,burn
3.178,418.83,725.04,3649.1,34.18,burn
3.179,416.17,720.04,3615.4,34.21,burn
3.180,412.49,724.78,3589.6,34.64,burn
3.181,415.26,723.91,3626.9,34.50,burn
3.182,413.69,726.90,3616.5,34.52,burn
3.183,416.62,725.81,3646.3,34.68,burn
3.184,413.84,722.28,3616.8,34.43,burn
3.185,415.21,725.33,3596.7,34.32,burn
3.186,418.15,721.43,3609.6,34.61,burn
3.187,412.60,727.01,3597.6,34.32,burn
3.188,414.56,723.21,3609.1,34.77,burn
3.189,414.30,724.39,3619.2,34.37,burn
3.190,413.17,726.14,3610.5,34.57,burn
3.191,422.68,723.50,3612.2,34.71,burn
3.192,418.51,723.82,3671.2,34.60,burn
3.193,413.02,722.74,3599.6,34.48,burn
3.194,413.07,726.13,3619.9,34.15,burn
3.195,416.02,727.17,3603.8,34.67,burn
3.196,418.80,724.27,3681.8,34.40,burn
3.197,414.69,723.25,3576.3,34.60,burn
3.198,417.56,724.30,3641.5,34.77,burn
3.199,409.76,723.76,3562.4,34.76,burn
3.200,416.21,724.65,3594.9,35.04,burn
3.201,418.98,724.28,3630.9,34.82,burn
3.202,415.49,724.70,3643.6,34.75,burn
3.203,413.09,724.30,3613.1,34.57,burn
3.204,418.33,722.87,3623.0,34.64,burn
3.205,412.05,721.33,3583.1,34.50,burn
3.206,414.15,722.30,3632.9,34.25,burn
3.207,416.84,723.53,3657.2,34.14,burn
3.208,412.28,725.01,3534.5,34.43,burn
3.209,422.95,722.70,3654.1,34.87,burn
3.210,414.43,724.27,3558.3,34.78,burn
3.211,408.96,722.18,3556.7,34.68,burn
3.212,418.31,722.59,3675.3,34.87,burn
3.213,416.09,723.11,3616.8,34.69,burn
3.214,414.89,725.39,3600.5,34.41,burn
3.215,416.48,722.89,3632.7,34.99,burn
3.216,416.93,723.90,3628.1,34.67,burn
3.217,414.70,722.75,3593.0,34.71,burn
3.218,417.08,722.65,3610.0,34.78,burn
3.219,416.19,725.03,3604.0,34.67,burn
3.220,417.88,724.15,3670.8,34.42,burn
3.221,413.57,719.43,3557.4,34.50,burn
3.222,413.87,724.37,3616.4,34.44,burn
3.223,416.91,722.84,3668.7,34.40,burn
3.224,417.13,720.96,3626.3,34.79,burn
3.225,414.95,722.42,3590.5,34.67,burn
3.226,415.31,722.10,3631.7,35.04,burn
3.227,417.88,722.22,3613.3,34.92,burn
3.228,412.47,723.81,3624.7,34.91,burn
3.229,411.42,721.13,3547.9,34.75,burn
3.230,417.40,722.59,3647.3,34.64,burn
3.231,416.18,722.91,3634.4,34.91,burn
3.232,412.91,721.73,3587.7,34.64,burn
3.233,414.16,721.19,3600.4,34.83,burn
3.234,412.74,723.78,3571.2,34.74,burn
3.235,413.45,723.21,3589.3,34.49,burn
3.236,418.98,723.48,3592.4,34.32,burn
3.237,415.16,721.96,3593.2,34.99,burn
3.238,411.67,723.66,3597.8,34.40,burn
3.239,416.58,724.37,3626.0,34.42,burn
3.240,416.59,721.14,3645.1,35.03,burn
3.241,414.82,721.03,3658.8,34.59,burn
3.242,414.80,723.62,3617.2,34.85,burn
3.243,416.52,722.32,3627.0,35.08,burn
3.244,417.31,723.51,3652.1,34.69,burn
3.245,414.71,722.46,3635.2,34.74,burn
3.246,413.31,721.78,3609.4,35.02,burn
3.247,414.32,721.65,3571.3,34.50,burn
3.248,417.94,721.06,3623.5,34.34,burn
3.249,417.32,721.97,3640.2,34.56,burn
3.250,413.74,721.08,3589.4,35.24,burn
3.251,423.52,720.21,3694.3,34.83,burn
3.252,422.53,723.37,3657.1,34.54,burn
3.253,411.84,720.63,3589.6,35.01,burn
3.254,418.09,721.97,3635.9,35.16,burn
3.255,412.01,719.06,3596.5,34.72,burn
3.256,415.13,720.51,3622.3,34.49,burn
3.257,419.66,720.09,3682.9,34.87,burn
3.258,417.32,719.63,3629.4,34.56,burn
3.259,411.42,720.86,3570.6,34.62,burn
3.260,416.55,722.03,3647.8,35.11,burn
3.261,407.64,720.76,3532.3,34.89,burn
3.262,410.24,722.75,3590.5,35.38,burn
3.263,415.11,720.80,3632.7,34.46,burn
3.264,412.52,719.95,3608.6,34.49,burn
3.265,419.73,721.49,3667.4,34.68,burn
3.266,415.40,719.54,3666.0,34.76,burn
3.267,418.83,718.44,3632.4,34.85,burn
3.268,415.35,721.09,3619.7,34.51,burn
3.269,415.51,718.40,3656.6,34.66,burn
3.270,415.52,719.39,3596.0,34.83,burn
3.271,420.90,717.92,3642.1,34.80,burn
3.272,419.85,720.81,3639.5,34.56,burn
3.273,411.64,718.01,3589.3,34.73,burn
3.274,414.22,721.07,3588.8,34.73,burn
3.275,420.06,719.90,3636.0,34.98,burn
3.276,410.48,718.03,3594.4,35.00,burn
3.277,420.52,717.77,3617.1,34.89,burn
3.278,416.90,719.16,3639.2,34.42,burn
3.279,411.94,720.57,3601.0,34.60,burn
3.280,408.33,720.50,3553.6,34.70,burn
3.281,415.18,723.14,3605.9,34.93,burn
3.282,420.23,722.89,3657.0,34.76,burn
3.283,415.70,719.00,3653.9,34.84,burn
3.284,416.66,719.49,3675.5,34.65,burn
3.285,416.46,717.32,3588.8,34.82,burn
3.286,414.26,718.15,3591.6,35.00,burn
3.287,416.19,717.24,3587.4,34.69,burn
3.288,413.12,719.53,3587.9,34.94,burn
3.289,413.28,718.95,3592.0,34.55,burn
3.290,412.23,720.64,3603.4,34.89,burn
3.291,413.88,719.63,3609.9,34.82,burn
3.292,413.88,717.45,3610.1,35.19,burn
3.293,415.56,718.75,3640.2,35.29,burn
3.294,413.96,716.49,3636.8,34.94,burn
3.295,410.03,719.10,3561.3,34.80,burn
3.296,411.68,718.85,3587.0,34.87,burn
3.297,414.20,716.78,3561.2,34.78,burn
3.298,416.59,719.36,3662.1,35.23,burn
3.299,414.13,719.35,3593.2,34.83,burn
3.300,416.17,721.23,3628.4,34.88,burn
3.301,410.38,717.46,3585.2,34.80,burn
3.302,418.57,719.14,3629.0,34.87,burn
3.303,413.62,718.44,3601.0,34.76,burn
3.304,412.58,721.07,3603.3,34.57,burn
3.305,415.12,720.07,3609.8,35.08,burn
3.306,416.35,719.26,3580.2,34.83,burn
3.307,414.32,718.80,3613.6,34.85,burn
3.308,416.98,717.35,3636.8,34.80,burn
3.309,409.70,717.06,3592.4,35.08,burn
3.310,414.70,715.75,3584.1,34.81,burn
3.311,417.58,716.83,3608.9,34.92,burn
3.312,416.44,717.81,3632.5,35.13,burn
3.313,414.15,717.90,3633.5,34.83,burn
3.314,415.98,717.44,3667.7,34.97,burn
3.315,420.27,720.43,3686.9,34.78,burn
3.316,411.61,719.05,3590.4,35.07,burn
3.317,415.79,715.10,3600.2,35.18,burn
3.318,415.38,716.94,3627.2,34.94,burn
3.319,417.09,718.69,3629.7,34.95,burn
3.320,411.58,717.92,3585.4,34.69,burn
3.321,419.81,718.05,3647.5,34.97,burn
3.322,417.61,716.07,3649.5,34.65,burn
3.323,421.96,717.29,3656.4,35.23,burn
3.324,415.24,721.46,3631.0,34.65,burn
3.325,413.19,716.83,3590.9,35.28,burn
3.326,409.61,716.36,3533.9,35.16,burn
3.327,413.58,716.52,3626.1,35.15,burn
3.328,411.19,716.52,3561.0,35.14,burn
3.329,408.97,719.06,3586.2,35.06,burn
3.330,412.40,716.06,3595.6,35.34,burn
3.331,414.22,718.17,3599.3,35.12,burn
3.332,414.50,717.31,3647.2,34.76,burn
3.333,422.75,715.82,3651.9,34.97,burn
3.334,419.68,715.12,3650.7,35.26,burn
3.335,415.59,715.60,3560.7,34.83,burn
3.336,417.16,717.62,3612.5,35.04,burn
3.337,413.87,714.93,3601.1,34.86,burn
3.338,413.76,721.63,3554.6,35.02,burn
3.339,416.50,717.74,3644.8,34.80,burn
3.340,414.67,717.51,3645.4,35.06,burn
3.341,419.80,717.97,3660.2,35.09,burn
3.342,417.26,716.65,3625.4,34.89,burn
3.343,411.90,717.61,3637.0,35.01,burn
3.344,410.53,716.15,3563.8,35.06,burn
3.345,415.48,718.11,3654.4,35.42,burn
3.346,418.61,713.12,3627.3,34.82,burn
3.347,411.86,716.11,3626.9,34.86,burn
3.348,412.21,713.91,3571.1,35.42,burn
3.349,422.21,714.67,3700.6,35.12,burn
3.350,415.09,717.28,3627.3,35.08,burn
3.351,414.01,716.81,3583.1,35.22,burn
3.352,422.47,714.84,3646.4,35.13,burn
3.353,414.12,714.77,3599.3,35.23,burn
3.354,411.61,714.43,3607.9,35.39,burn
3.355,415.25,715.62,3590.5,34.83,burn
3.356,411.25,715.05,3579.0,35.25,burn
3.357,410.24,713.30,3546.8,34.90,burn
3.358,417.90,714.72,3623.1,35.29,burn
3.359,413.33,716.24,3595.0,35.17,burn
3.360,416.47,715.30,3647.4,35.11,burn
3.361,411.68,715.76,3545.8,34.90,burn
3.362,414.28,714.87,3591.0,35.29,burn
3.363,411.31,715.86,3583.4,34.97,burn
3.364,412.17,713.06,3528.2,35.15,burn
3.365,420.25,713.39,3678.1,35.19,burn
3.366,417.25,713.88,3634.6,35.11,burn
3.367,417.05,716.52,3577.3,35.06,burn
3.368,414.94,716.24,3615.1,35.33,burn
3.369,413.96,715.21,3567.9,34.83,burn
3.370,414.92,715.65,3609.6,35.13,burn
3.371,413.71,715.15,3630.6,35.00,burn
3.372,416.55,718.62,3615.3,35.20,burn
3.373,414.72,714.18,3608.5,34.95,burn
3.374,415.60,717.17,3613.4,35.38,burn
3.375,423.03,714.65,3655.7,35.28,burn
3.376,414.99,714.70,3570.9,35.29,burn
3.377,411.74,713.04,3539.0,34.84,burn
3.378,419.78,713.80,3657.1,35.20,burn
3.379,411.91,715.21,3575.5,35.07,burn
3.380,411.90,712.40,3567.9,34.87,burn
3.381,420.44,713.52,3632.7,35.48,burn
3.382,416.34,713.86,3623.9,35.19,burn
3.383,411.97,713.05,3565.1,34.69,burn
3.384,415.30,715.10,3613.2,35.23,burn
3.385,419.25,715.01,3631.5,35.34,burn
3.386,412.29,713.60,3618.7,35.00,burn
3.387,415.65,714.61,3606.2,35.17,burn
3.388,422.34,714.74,3644.6,35.26,burn
3.389,414.62,713.41,3605.6,35.14,burn
3.390,410.00,711.45,3536.6,35.11,burn
3.391,413.87,716.30,3596.3,35.26,burn
3.392,414.17,711.83,3565.8,35.08,burn
3.393,413.44,714.93,3595.2,35.26,burn
3.394,420.26,716.70,3645.5,35.21,burn
3.395,415.64,714.37,3591.5,35.10,burn
3.396,415.13,715.86,3600.8,35.26,burn
3.397,416.69,712.66,3661.5,35.17,burn
3.398,415.48,713.37,3571.3,35.26,burn
3.399,409.22,715.36,3533.4,35.40,burn
3.400,417.04,712.07,3594.3,35.27,burn
3.401,416.66,711.48,3646.4,35.07,burn
3.402,416.18,712.91,3599.4,35.13,burn
3.403,417.22,713.31,3609.2,35.23,burn
3.404,418.36,713.07,3667.3,35.28,burn
3.405,419.18,711.79,3626.7,35.13,burn
3.406,410.21,713.90,3603.8,35.37,burn
3.407,412.73,712.55,3582.6,34.98,burn
3.408,411.95,710.47,3592.3,35.41,burn
3.409,413.64,711.88,3619.4,35.12,burn
3.410,416.11,712.89,3633.1,34.92,burn
3.411,409.64,713.17,3569.3,35.09,burn
3.412,417.01,714.27,3568.2,34.94,burn
3.413,410.46,710.97,3575.5,35.07,burn
3.414,412.02,710.50,3578.0,35.54,burn
3.415,411.34,712.75,3598.4,35.33,burn
3.416,413.52,710.00,3618.4,35.28,burn
3.417,415.96,711.85,3566.6,35.15,burn
3.418,408.83,711.58,3531.3,35.42,burn
3.419,419.68,713.46,3655.8,35.07,burn
3.420,412.10,712.70,3625.3,35.18,burn
3.421,421.49,713.01,3642.8,35.36,burn
3.422,410.38,710.50,3569.9,34.97,burn
3.423,417.59,709.26,3597.2,35.34,burn
3.424,416.71,712.23,3622.2,35.50,burn
3.425,414.30,712.25,3600.4,35.50,burn
3.426,410.70,714.52,3573.0,35.37,burn
3.427,413.60,711.17,3585.5,35.46,burn
3.428,418.87,709.27,3655.4,35.09,burn
3.429,417.57,710.97,3613.4,35.32,burn
3.430,417.58,712.95,3665.9,35.12,burn
3.431,419.48,710.84,3676.3,35.28,burn
3.432,416.46,710.07,3654.9,35.34,burn
3.433,414.81,710.79,3614.9,35.53,burn
3.434,417.62,712.38,3619.1,35.34,burn
3.435,417.09,709.22,3591.3,35.19,burn
3.436,419.13,709.19,3638.3,35.33,burn
3.437,416.43,711.90,3586.0,35.35,burn
3.438,416.83,713.80,3597.4,35.01,burn
3.439,418.04,710.53,3691.2,35.12,burn
3.440,415.00,712.69,3608.4,35.53,burn
3.441,411.75,709.27,3568.0,35.22,burn
3.442,414.90,709.79,3598.8,35.27,burn
3.443,415.30,708.24,3587.2,35.16,burn
3.444,418.38,711.36,3661.5,35.86,burn
3.445,416.96,709.52,3633.8,35.16,burn
3.446,413.50,711.37,3575.1,35.05,burn
3.447,415.69,711.79,3630.1,35.42,burn
3.448,414.11,710.09,3627.4,35.35,burn
3.449,413.52,711.74,3613.7,35.14,burn
3.450,417.44,708.47,3620.8,35.34,burn
3.451,411.87,712.73,3588.0,35.47,burn
3.452,418.19,708.88,3656.6,35.58,burn
3.453,413.97,709.57,3618.9,35.52,burn
3.454,416.30,709.20,3617.9,35.26,burn
3.455,413.80,710.09,3617.8,35.26,burn
3.456,413.01,708.59,3572.0,35.74,burn
3.457,413.11,711.07,3608.3,35.15,burn
3.458,417.54,710.18,3612.6,34.99,burn
3.459,409.91,714.27,3578.7,35.41,burn
3.460,415.35,710.56,3666.9,35.33,burn
3.461,413.07,710.35,3581.3,35.39,burn
3.462,413.48,711.43,3636.6,35.18,burn
3.463,420.47,708.50,3612.0,35.20,burn
3.464,412.90,708.42,3600.5,35.20,burn
3.465,412.79,708.94,3587.7,35.40,burn
3.466,410.36,705.58,3575.9,35.51,burn
3.467,409.39,709.97,3578.9,35.55,burn
3.468,414.28,707.78,3644.3,35.35,burn
3.469,412.94,711.36,3593.3,35.18,burn
3.470,417.07,706.99,3636.6,35.38,burn
3.471,415.61,709.14,3636.9,35.60,burn
3.472,412.27,704.75,3555.6,35.57,burn
3.473,419.41,705.15,3646.2,34.88,burn
3.474,418.30,710.09,3631.0,35.32,burn
3.475,415.06,709.93,3582.1,35.37,burn
3.476,417.35,707.54,3640.0,35.77,burn
3.477,420.14,709.76,3616.5,35.12,burn
3.478,416.18,709.25,3635.7,35.42,burn
3.479,413.36,711.69,3601.5,35.75,burn
3.480,415.35,707.48,3616.2,35.21,burn
3.481,415.52,708.30,3596.8,35.45,burn
3.482,415.83,709.39,3621.1,35.39,burn
3.483,418.44,708.50,3648.8,35.33,burn
3.484,415.95,712.01,3631.7,35.54,burn
3.485,410.04,710.09,3544.3,35.35,burn
3.486,412.60,707.98,3593.6,35.82,burn
3.487,411.80,710.77,3621.2,35.86,burn
3.488,416.06,707.64,3658.4,35.63,burn
3.489,414.19,705.87,3596.9,35.58,burn
3.490,416.06,709.27,3625.2,35.45,burn
3.491,413.52,708.86,3595.8,35.20,burn
3.492,412.81,707.81,3580.8,35.64,burn
3.493,418.05,708.83,3610.8,35.54,burn
3.494,416.21,705.46,3633.9,35.68,burn
3.495,414.28,706.81,3655.3,35.50,burn
3.496,410.01,707.77,3596.8,35.45,burn
3.497,411.14,708.67,3574.1,35.61,burn
3.498,411.45,708.24,3588.4,35.50,burn
3.499,414.82,708.53,3597.3,35.47,burn
3.500,412.12,707.79,3501.5,35.62,burn
3.501,418.21,705.77,3620.3,35.67,burn
3.502,417.23,706.86,3651.3,35.52,burn
3.503,414.51,706.64,3640.3,35.75,burn
3.504,412.44,707.95,3553.3,35.70,burn
3.505,413.49,708.76,3617.4,35.56,burn
3.506,415.87,706.00,3619.3,35.68,burn
3.507,415.06,706.31,3612.3,35.21,burn
3.508,414.36,706.94,3578.2,35.62,burn
3.509,418.52,709.08,3589.9,35.97,burn
3.510,413.95,707.68,3551.4,35.40,burn
3.511,414.59,705.89,3602.4,35.44,burn
3.512,416.66,707.07,3609.9,35.86,burn
3.513,415.81,705.04,3638.0,35.48,burn
3.514,418.24,708.67,3660.6,35.40,burn
3.515,413.52,708.50,3585.9,35.55,burn
3.516,412.66,707.96,3602.8,35.67,burn
3.517,416.97,705.72,3632.8,35.34,burn
3.518,415.38,706.44,3653.4,35.55,burn
3.519,417.38,705.24,3615.1,35.50,burn
3.520,417.17,708.95,3606.0,35.67,burn
3.521,417.12,706.03,3662.7,35.76,burn
3.522,412.07,706.76,3591.9,35.55,burn
3.523,414.71,707.07,3580.2,35.63,burn
3.524,413.38,705.39,3547.7,35.76,burn
3.525,413.60,706.93,3588.2,35.60,burn
3.526,415.37,706.98,3618.8,35.99,burn
3.527,419.55,705.38,3654.2,35.28,burn
3.528,421.27,705.53,3690.5,35.37,burn
3.529,412.53,705.06,3564.7,35.57,burn
3.530,414.88,707.29,3596.2,35.46,burn
3.531,412.59,707.15,3597.9,35.83,burn
3.532,412.66,706.68,3578.6,35.56,burn
3.533,414.19,706.87,3586.9,35.77,burn
3.534,410.13,706.80,3590.7,35.88,burn
3.535,416.08,706.27,3597.1,35.41,burn
3.536,411.62,705.28,3531.3,35.43,burn
3.537,414.48,706.75,3624.2,35.85,burn
3.538,412.60,706.30,3586.1,35.48,burn
3.539,417.04,706.18,3621.1,35.60,burn
3.540,417.40,706.91,3604.4,35.40,burn
3.541,416.81,704.49,3611.1,35.80,burn
3.542,414.82,702.67,3596.7,35.36,burn
3.543,410.17,705.32,3600.0,35.12,burn
3.544,411.82,706.06,3607.1,35.78,burn
3.545,416.33,705.29,3662.4,35.45,burn
3.546,413.17,706.29,3590.7,36.01,burn
3.547,414.04,704.52,3599.8,35.70,burn
3.548,416.54,705.75,3628.6,35.58,burn
3.549,421.34,704.54,3640.6,35.32,burn
3.550,412.76,704.58,3616.8,35.70,burn
3.551,416.29,704.04,3583.2,35.44,burn
3.552,413.29,706.83,3557.3,35.64,burn
3.553,411.62,707.11,3561.8,35.37,burn
3.554,413.97,703.68,3550.9,35.89,burn
3.555,414.24,700.77,3578.3,35.36,burn
3.556,413.69,702.15,3637.3,35.53,burn
3.557,416.53,704.96,3583.7,35.64,burn
3.558,414.13,705.36,3611.7,35.35,burn
3.559,408.81,703.69,3593.3,35.64,burn
3.560,416.58,703.47,3626.5,35.87,burn
3.561,416.44,704.59,3627.4,35.62,burn
3.562,410.69,705.42,3583.0,35.87,burn
3.563,412.97,703.70,3602.0,35.52,burn
3.564,413.55,703.17,3586.6,35.47,burn
3.565,417.03,704.56,3652.3,35.57,burn
3.566,414.25,704.69,3606.7,35.70,burn
3.567,417.85,704.28,3621.9,35.83,burn
3.568,412.73,702.13,3573.4,35.48,burn
3.569,417.56,705.38,3639.6,35.77,burn
3.570,415.00,703.53,3569.5,35.73,burn
3.571,413.89,702.37,3615.7,35.58,burn
3.572,417.50,703.81,3639.5,35.59,burn
3.573,417.39,702.27,3643.1,35.82,burn
3.574,416.73,704.24,3569.6,35.47,burn
3.575,414.61,704.77,3622.5,35.78,burn
3.576,418.14,702.75,3676.4,35.99,burn
3.577,418.58,707.18,3653.3,35.74,burn
3.578,414.07,702.90,3612.0,35.65,burn
3.579,415.32,704.21,3598.9,36.17,burn
3.580,410.45,702.26,3576.1,35.89,burn
3.581,412.95,703.78,3551.4,35.77,burn
3.582,417.92,701.77,3645.0,35.79,burn
3.583,412.13,703.41,3627.6,35.77,burn
3.584,416.00,705.33,3619.9,35.85,burn
3.585,414.89,700.88,3604.0,35.71,burn
3.586,419.93,700.67,3620.7,35.92,burn
3.587,415.42,701.53,3606.5,35.70,burn
3.588,409.37,702.87,3500.3,36.29,burn
3.589,413.73,703.84,3578.3,35.63,burn
3.590,416.27,702.96,3642.9,35.62,burn
3.591,416.82,703.96,3594.7,35.77,burn
3.592,416.39,702.21,3614.5,35.43,burn
3.593,418.81,701.25,3688.6,35.56,burn
3.594,415.76,702.66,3623.2,35.85,burn
3.595,409.32,700.61,3616.1,35.58,burn
3.596,413.08,701.61,3584.4,36.19,burn
3.597,415.63,701.88,3590.4,35.69,burn
3.598,412.95,700.21,3572.2,35.57,burn
3.599,416.04,703.71,3610.4,35.79,burn
3.600,415.85,702.82,3625.4,35.72,burn
3.601,419.84,699.52,3645.5,35.69,burn
3.602,412.88,703.09,3592.9,36.06,burn
3.603,411.39,701.32,3578.8,35.73,burn
3.604,411.24,701.16,3601.3,35.88,burn
3.605,413.57,701.84,3615.1,35.80,burn
3.606,416.50,701.16,3667.6,35.94,burn
3.607,414.53,703.66,3610.1,36.23,burn
3.608,412.93,700.37,3625.8,35.77,burn
3.609,411.67,699.54,3542.7,35.81,burn
3.610,414.29,700.21,3612.8,35.77,burn
3.611,416.86,701.61,3634.4,35.89,burn
3.612,418.35,697.99,3639.4,35.47,burn
3.613,418.75,699.54,3627.7,35.66,burn
3.614,417.13,699.34,3639.9,35.40,burn
3.615,415.91,697.78,3626.0,36.01,burn
3.616,413.13,700.65,3582.9,35.84,burn
3.617,415.93,700.39,3653.2,35.75,burn
3.618,419.45,701.45,3636.9,36.04,burn
3.619,415.32,700.71,3609.4,35.82,burn
3.620,417.24,699.26,3607.2,36.11,burn
3.621,415.01,699.44,3615.2,35.67,burn
3.622,416.42,702.11,3639.0,35.61,burn
3.623,412.22,699.24,3603.8,35.75,burn
3.624,411.16,701.80,3584.1,35.92,burn
3.625,412.05,700.93,3596.5,35.72,burn
3.626,409.16,699.70,3556.2,35.88,burn
3.627,417.58,700.66,3621.2,36.10,burn
3.628,422.15,699.23,3667.3,35.89,burn
3.629,414.37,702.04,3592.1,36.28,burn
3.630,412.62,697.87,3578.4,35.94,burn
3.631,416.07,700.02,3620.5,36.22,burn
3.632,419.78,698.93,3643.6,35.94,burn
3.633,415.27,700.75,3576.8,35.36,burn
3.634,418.85,699.33,3652.1,35.85,burn
3.635,414.97,699.25,3618.9,35.41,burn
3.636,415.70,700.64,3610.8,35.72,burn
3.637,410.45,698.80,3592.7,35.91,burn
3.638,416.05,701.86,3615.7,36.01,burn
3.639,412.21,699.45,3569.4,36.08,burn
3.640,411.86,699.69,3593.0,36.24,burn
3.641,410.30,699.43,3604.2,35.94,burn
3.642,416.80,696.70,3656.8,35.65,burn
3.643,421.86,699.07,3703.0,36.17,burn
3.644,412.84,696.93,3569.5,35.96,burn
3.645,414.19,700.50,3612.1,35.83,burn
3.646,413.92,695.70,3565.5,36.01,burn
3.647,416.32,697.83,3578.7,36.14,burn
3.648,417.95,699.85,3671.8,35.99,burn
3.649,414.89,701.80,3589.4,35.64,burn
3.650,413.80,700.47,3617.3,35.93,burn
3.651,409.61,698.84,3550.3,36.27,burn
3.652,416.90,698.54,3611.7,36.22,burn
3.653,415.24,699.89,3592.4,36.21,burn
3.654,409.58,699.53,3596.6,35.98,burn
3.655,411.48,696.63,3545.3,35.07,burn
3.656,412.04,701.39,3582.6,36.03,burn
3.657,413.66,700.15,3573.2,35.90,burn
3.658,412.31,699.68,3551.8,36.13,burn
3.659,417.33,698.77,3686.5,36.07,burn
3.660,412.15,698.04,3575.4,36.07,burn
3.661,413.48,699.82,3600.5,36.00,burn
3.662,411.86,698.21,3560.8,36.03,burn
3.663,417.07,698.61,3597.4,35.97,burn
3.664,413.71,699.52,3619.1,35.80,burn
3.665,415.02,699.45,3594.1,35.59,burn
3.666,416.66,699.09,3626.5,35.79,burn
3.667,414.97,698.91,3635.3,36.07,burn
3.668,414.57,696.65,3594.8,36.07,burn
3.669,417.26,694.98,3628.0,36.06,burn
3.670,416.12,701.78,3607.7,36.06,burn
3.671,415.35,697.91,3619.0,36.30,burn
3.672,413.85,696.08,3593.0,36.24,burn
3.673,415.49,698.94,3618.8,35.56,burn
3.674,412.84,697.20,3552.9,35.82,burn
3.675,419.49,698.69,3636.5,36.09,burn
3.676,415.85,698.29,3593.9,36.23,burn
3.677,416.35,696.14,3616.1,36.12,burn
3.678,413.08,696.27,3559.1,36.01,burn
3.679,414.33,695.84,3615.8,36.06,burn
3.680,417.07,698.75,3613.2,36.05,burn
3.681,409.15,695.94,3630.5,35.92,burn
3.682,414.19,697.55,3603.6,35.86,burn
3.683,413.07,698.64,3593.0,36.08,burn
3.684,411.60,697.28,3604.4,36.60,burn
3.685,417.04,696.96,3637.3,36.05,burn
3.686,412.70,698.21,3595.0,36.06,burn
3.687,411.88,697.41,3578.8,36.53,burn
3.688,418.00,694.57,3679.2,36.30,burn
3.689,409.36,698.10,3539.8,35.78,burn
3.690,418.10,695.36,3608.1,36.08,burn
3.691,418.20,698.76,3641.8,35.74,burn
3.692,408.87,697.90,3571.2,36.04,burn
3.693,414.32,696.14,3586.7,36.00,burn
3.694,415.86,698.23,3619.9,35.87,burn
3.695,418.05,695.02,3622.0,36.43,burn
3.696,413.41,699.10,3560.4,36.26,burn
3.697,414.50,694.16,3611.5,35.98,burn
3.698,417.23,696.94,3648.0,35.90,burn
3.699,412.29,696.74,3595.6,36.08,burn
3.700,416.75,693.87,3595.5,35.87,burn
3.701,418.32,699.03,3639.7,36.03,burn
3.702,411.85,696.81,3583.1,36.24,burn
3.703,415.90,694.11,3609.5,36.13,burn
3.704,415.23,696.15,3585.6,36.11,burn
3.705,411.85,696.91,3603.6,36.27,burn
3.706,415.46,697.15,3598.7,35.78,burn
3.707,414.23,697.26,3622.4,36.20,burn
3.708,412.62,693.74,3545.5,36.09,burn
3.709,413.92,695.74,3617.1,36.16,burn
3.710,412.07,698.61,3609.0,35.76,burn
3.711,416.19,696.76,3612.1,35.89,burn
3.712,416.23,695.59,3625.3,36.11,burn
3.713,417.27,696.33,3603.4,36.66,burn
3.714,415.30,694.57,3627.7,35.84,burn
3.715,415.63,695.24,3623.0,36.05,burn
3.716,413.32,695.63,3615.0,36.80,burn
3.717,416.95,695.05,3661.4,36.19,burn
3.718,413.13,697.24,3570.4,36.36,burn
3.719,416.69,694.56,3643.0,36.11,burn
3.720,413.63,696.99,3571.3,36.52,burn
3.721,412.68,696.51,3542.2,36.26,burn
3.722,416.17,697.09,3595.5,36.26,burn
3.723,419.90,693.25,3620.2,36.40,burn
3.724,417.57,695.25,3643.3,36.07,burn
3.725,413.65,696.06,3646.8,36.15,burn
3.726,410.83,696.48,3576.5,35.96,burn
3.727,410.49,694.73,3596.0,36.46,burn
3.728,415.84,692.58,3639.0,35.72,burn
3.729,415.49,697.24,3626.4,36.15,burn
3.730,409.21,695.05,3577.3,36.00,burn
3.731,414.52,695.42,3650.1,36.15,burn
3.732,418.23,696.31,3606.6,36.31,burn
3.733,414.92,693.61,3611.0,36.33,burn
3.734,414.90,697.30,3588.0,36.38,burn
3.735,411.52,693.12,3555.0,35.88,burn
3.736,417.07,696.16,3647.1,35.94,burn
3.737,412.88,693.77,3566.7,36.38,burn
3.738,413.29,694.17,3615.6,36.14,burn
3.739,418.44,692.55,3641.6,36.31,burn
3.740,411.96,693.88,3600.8,36.20,burn
3.741,414.39,695.73,3638.0,36.59,burn
3.742,414.97,692.80,3646.7,36.09,burn
3.743,416.16,694.59,3632.4,36.45,burn
3.744,419.61,694.14,3668.1,36.07,burn
3.745,414.94,692.08,3633.8,36.33,burn
3.746,416.57,692.54,3637.0,36.43,burn
3.747,414.72,694.10,3579.9,36.25,burn
3.748,409.98,692.36,3565.4,36.06,burn
3.749,418.34,691.72,3686.1,36.10,burn
3.750,417.20,696.08,3602.9,36.20,burn
3.751,418.60,690.59,3639.3,36.01,burn
3.752,411.84,693.40,3574.1,36.26,burn
3.753,415.43,692.17,3592.0,36.27,burn
3.754,420.70,693.47,3653.5,36.18,burn
3.755,421.61,695.98,3656.2,36.46,burn
3.756,415.23,693.52,3582.1,35.98,burn
3.757,415.89,693.71,3625.3,36.23,burn
3.758,412.12,694.46,3592.0,36.36,burn
3.759,414.38,693.24,3637.1,35.93,burn
3.760,412.70,695.36,3602.7,36.54,burn
3.761,418.14,694.12,3620.4,36.01,burn
3.762,413.79,694.06,3595.3,36.40,burn
3.763,414.73,690.87,3548.0,36.19,burn
3.764,417.38,694.30,3603.7,36.23,burn
3.765,414.60,691.64,3592.1,36.43,burn
3.766,418.12,691.90,3634.8,35.89,burn
3.767,414.49,692.12,3561.4,36.32,burn
3.768,417.25,694.55,3660.2,36.61,burn
3.769,411.97,693.63,3620.8,35.67,burn
3.770,414.95,693.77,3668.6,36.18,burn
3.771,410.57,693.03,3585.7,36.58,burn
3.772,412.41,694.36,3596.0,36.21,burn
3.773,412.79,692.45,3615.1,36.30,burn
3.774,420.80,693.61,3688.3,36.33,burn
3.775,411.82,693.24,3549.6,36.30,burn
3.776,420.81,693.06,3637.8,36.61,burn
3.777,416.98,692.92,3601.3,36.58,burn
3.778,416.39,692.92,3618.9,36.75,burn
3.779,412.81,693.38,3620.2,36.24,burn
3.780,417.44,691.94,3639.3,36.18,burn
3.781,420.66,689.85,3703.7,36.23,burn
3.782,417.94,691.56,3620.2,36.24,burn
3.783,416.19,692.17,3594.6,36.83,burn
3.784,415.23,692.40,3602.3,36.45,burn
3.785,417.07,691.99,3626.1,36.25,burn
3.786,415.48,692.74,3569.1,36.06,burn
3.787,414.38,690.93,3604.2,36.49,burn
3.788,417.61,691.33,3646.4,36.09,burn
3.789,414.01,692.31,3633.1,36.61,burn
3.790,417.66,692.31,3624.3,36.29,burn
3.791,421.31,691.90,3668.1,36.60,burn
3.792,417.88,692.26,3612.2,36.39,burn
3.793,413.55,690.34,3583.6,36.49,burn
3.794,414.44,689.99,3595.3,36.72,burn
3.795,418.18,689.37,3600.0,36.33,burn
3.796,412.53,694.25,3556.7,36.34,burn
3.797,420.61,692.87,3688.3,36.35,burn
3.798,414.41,690.27,3654.6,36.23,burn
3.799,415.42,691.59,3621.4,36.44,burn
3.800,416.27,691.86,3627.3,36.37,burn
3.801,424.77,689.17,3658.3,36.17,burn
3.802,414.74,691.16,3605.0,36.12,burn
3.803,413.28,692.38,3639.1,36.32,burn
3.804,413.79,689.17,3590.0,36.60,burn
3.805,416.97,692.46,3608.3,36.71,burn
3.806,420.09,690.80,3648.0,36.52,burn
3.807,411.95,690.25,3560.9,36.67,burn
3.808,413.94,688.05,3560.7,36.74,burn
3.809,414.34,692.91,3639.3,36.10,burn
3.810,413.84,689.32,3557.8,36.53,burn
3.811,419.50,688.45,3642.3,36.58,burn
3.812,417.66,689.13,3636.1,36.29,burn
3.813,419.25,691.16,3650.2,36.43,burn
3.814,413.56,686.46,3617.5,36.96,burn
3.815,411.71,691.94,3556.1,36.50,burn
3.816,414.85,686.27,3597.1,36.18,burn
3.817,412.76,689.68,3630.5,36.42,burn
3.818,415.65,689.10,3598.4,36.09,burn
3.819,418.18,692.49,3682.3,36.58,burn
3.820,408.44,691.37,3546.7,36.94,burn
3.821,417.22,689.90,3577.5,36.50,burn
3.822,421.43,690.69,3667.0,36.58,burn
3.823,411.32,688.98,3583.3,36.39,burn
3.824,415.96,691.52,3612.0,36.42,burn
3.825,411.47,689.93,3589.7,36.64,burn
3.826,412.38,690.46,3580.9,36.43,burn
3.827,415.34,689.76,3614.0,36.37,burn
3.828,420.47,690.73,3660.3,36.41,burn
3.829,419.83,689.67,3675.5,36.36,burn
3.830,415.34,689.50,3631.5,36.70,burn
3.831,418.08,692.04,3629.5,36.39,burn
3.832,406.70,689.20,3574.9,36.44,burn
3.833,413.94,691.52,3569.7,36.68,burn
3.834,414.25,688.29,3628.2,36.69,burn
3.835,416.72,688.35,3652.4,36.69,burn
3.836,412.65,689.78,3642.5,36.40,burn
3.837,412.34,688.00,3583.5,36.59,burn
3.838,412.23,688.55,3595.2,36.30,burn
3.839,416.71,684.88,3608.7,36.29,burn
3.840,416.12,687.89,3659.2,36.31,burn
3.841,413.90,687.88,3563.7,36.93,burn
3.842,417.81,691.90,3649.9,36.25,burn
3.843,414.58,688.93,3606.1,36.49,burn
3.844,413.12,688.43,3610.1,36.48,burn
3.845,412.92,688.67,3620.6,36.67,burn
3.846,408.72,686.94,3574.4,36.47,burn
3.847,415.49,688.85,3633.9,36.49,burn
3.848,417.08,689.05,3644.2,36.73,burn
3.849,416.49,689.58,3605.1,36.81,burn
3.850,422.98,687.16,3671.9,36.80,burn
3.851,413.94,688.91,3569.4,36.77,burn
3.852,411.13,687.49,3574.9,36.67,burn
3.853,420.36,689.37,3662.6,36.40,burn
3.854,419.70,688.46,3661.9,36.42,burn
3.855,412.65,686.09,3586.0,36.27,burn
3.856,414.82,689.14,3582.8,36.51,burn
3.857,413.53,685.43,3587.2,36.30,burn
3.858,416.62,687.77,3553.9,36.55,burn
3.859,413.99,688.89,3597.0,36.69,burn
3.860,417.31,687.62,3642.0,36.62,burn
3.861,417.95,686.13,3668.7,36.83,burn
3.862,420.95,686.87,3690.0,36.40,burn
3.863,413.76,686.79,3609.8,36.57,burn
3.864,417.32,688.78,3676.9,36.50,burn
3.865,418.13,688.34,3612.7,36.59,burn
3.866,415.73,685.52,3644.5,36.77,burn
3.867,419.87,688.60,3685.1,36.62,burn
3.868,416.33,688.50,3607.7,36.80,burn
3.869,415.43,687.47,3607.8,36.71,burn
3.870,421.38,684.07,3641.8,36.85,burn
3.871,412.69,688.43,3572.1,36.68,burn
3.872,418.58,687.63,3618.8,36.53,burn
3.873,412.80,688.26,3551.2,36.41,burn
3.874,416.80,683.47,3629.9,37.01,burn
3.875,417.45,685.87,3584.7,36.75,burn
3.876,417.87,687.04,3627.2,36.34,burn
3.877,419.36,685.48,3652.6,36.35,burn
3.878,413.01,690.52,3628.7,36.61,burn
3.879,411.26,684.67,3578.3,36.57,burn
3.880,415.64,687.46,3551.9,36.77,burn
3.881,415.98,688.49,3649.2,36.53,burn
3.882,414.76,689.20,3578.6,36.82,burn
3.883,422.49,687.56,3658.8,36.63,burn
3.884,415.39,687.26,3625.0,36.19,burn
3.885,411.17,685.44,3567.9,36.37,burn
3.886,412.86,685.86,3575.7,36.77,burn
3.887,416.42,682.96,3636.0,36.64,burn
3.888,414.73,684.62,3607.3,36.37,burn
3.889,418.56,685.69,3649.0,36.88,burn
3.890,417.68,685.85,3624.5,36.93,burn
3.891,417.77,687.42,3636.4,36.91,burn
3.892,417.59,686.75,3634.6,36.89,burn
3.893,417.46,684.38,3587.0,36.74,burn
3.894,414.65,687.38,3608.0,36.79,burn
3.895,419.70,686.32,3632.5,36.71,burn
3.896,418.39,682.88,3707.9,36.43,burn
3.897,412.91,682.57,3581.1,36.51,burn
3.898,416.34,684.99,3620.0,36.62,burn
3.899,418.13,687.22,3668.2,36.52,burn
3.900,419.35,685.85,3628.2,36.59,burn
3.901,416.44,686.36,3622.4,36.65,burn
3.902,417.60,684.09,3657.8,36.75,burn
3.903,409.16,685.35,3566.1,36.47,burn
3.904,414.25,684.10,3600.8,36.61,burn
3.905,415.03,685.59,3616.4,36.92,burn
3.906,411.95,685.94,3568.0,36.46,burn
3.907,415.00,682.81,3608.1,36.68,burn
3.908,414.22,682.33,3639.7,36.73,burn
3.909,411.52,681.71,3540.8,36.55,burn
3.910,416.69,685.02,3628.1,36.58,burn
3.911,413.02,686.36,3585.2,36.56,burn
3.912,413.83,685.09,3588.0,36.72,burn
3.913,417.91,685.03,3647.9,36.77,burn
3.914,413.06,684.85,3591.0,36.89,burn
3.915,419.20,683.47,3631.8,36.43,burn
3.916,416.41,686.03,3653.5,37.01,burn
3.917,412.50,685.45,3593.7,36.93,burn
3.918,410.64,686.50,3556.3,36.88,burn
3.919,415.24,687.06,3607.1,36.67,burn
3.920,412.80,684.67,3582.8,36.72,burn
3.921,411.46,682.83,3571.9,37.00,burn
3.922,411.19,684.35,3598.6,36.75,burn
3.923,413.44,684.26,3585.1,36.64,burn
3.924,413.57,682.86,3597.4,36.43,burn
3.925,415.48,682.03,3652.0,36.65,burn
3.926,411.25,684.82,3565.4,36.39,burn
3.927,413.41,683.76,3656.8,36.59,burn
3.928,413.13,684.09,3640.4,36.84,burn
3.929,412.74,682.61,3597.4,36.97,burn
3.930,418.91,683.00,3666.3,36.84,burn
3.931,415.81,683.65,3595.5,36.55,burn
3.932,421.44,682.68,3689.0,37.03,burn
3.933,417.38,682.74,3640.6,36.53,burn
3.934,416.11,679.98,3624.8,36.88,burn
3.935,418.77,685.03,3645.5,36.64,burn
3.936,418.51,683.57,3653.8,36.89,burn
3.937,410.14,684.01,3564.0,37.18,burn
3.938,412.59,683.57,3585.9,36.70,burn
3.939,414.32,682.30,3629.2,36.78,burn
3.940,415.86,685.21,3599.2,36.94,burn
3.941,415.84,684.10,3561.9,36.76,burn
3.942,410.37,683.95,3613.6,36.67,burn
3.943,416.13,683.02,3584.4,37.07,burn
3.944,416.34,683.33,3618.7,36.69,burn
3.945,412.30,683.94,3552.4,36.80,burn
3.946,411.49,682.73,3585.8,36.88,burn
3.947,416.71,682.88,3622.1,36.75,burn
3.948,413.67,680.47,3625.9,36.80,burn
3.949,417.55,683.50,3659.8,36.95,burn
3.950,418.04,683.35,3635.5,36.66,burn
3.951,416.13,683.79,3607.7,36.79,burn
3.952,410.70,680.11,3573.1,36.56,burn
3.953,412.33,682.94,3576.9,37.17,burn
3.954,409.51,682.42,3553.9,36.79,burn
3.955,413.47,681.24,3572.8,37.14,burn
3.956,412.33,681.74,3599.3,37.15,burn
3.957,419.69,681.65,3664.8,36.55,burn
3.958,416.93,681.56,3614.8,36.81,burn
3.959,414.25,683.38,3598.1,36.99,burn
3.960,411.34,682.51,3556.4,37.34,burn
3.961,420.42,683.10,3646.2,37.16,burn
3.962,412.37,683.06,3610.8,36.90,burn
3.963,408.95,681.51,3540.9,37.18,burn
3.964,412.74,681.44,3605.6,36.64,burn
3.965,410.68,680.59,3554.8,36.96,burn
3.966,417.45,682.53,3634.8,36.66,burn
3.967,411.92,680.14,3586.6,36.69,burn
3.968,416.54,682.86,3571.9,37.16,burn
3.969,419.52,683.05,3625.2,36.85,burn
3.970,412.24,681.84,3571.6,36.96,burn
3.971,414.65,680.15,3648.7,36.77,burn
3.972,420.73,682.17,3646.0,36.82,burn
3.973,414.20,681.21,3567.3,36.74,burn
3.974,414.23,682.79,3557.2,36.81,burn
3.975,414.07,680.32,3623.7,37.01,burn
3.976,412.75,681.97,3583.1,37.18,burn
3.977,412.62,679.47,3605.7,36.98,burn
3.978,418.14,682.20,3669.1,36.72,burn
3.979,418.72,681.67,3663.8,36.70,burn
3.980,412.29,682.20,3566.8,37.24,burn
3.981,421.02,680.20,3653.8,37.19,burn
3.982,419.94,681.95,3679.8,37.11,burn
3.983,414.07,680.44,3612.1,36.74,burn
3.984,410.03,679.82,3586.7,37.17,burn
3.985,411.93,679.50,3563.6,36.90,burn
3.986,414.39,680.02,3576.8,37.41,burn
3.987,414.27,680.02,3592.2,37.24,burn
3.988,420.16,683.03,3672.1,37.36,burn
3.989,411.17,680.67,3586.0,37.01,burn
3.990,414.66,680.71,3579.8,36.89,burn
3.991,414.42,681.21,3603.2,37.17,burn
3.992,417.47,681.36,3644.8,37.45,burn
3.993,414.30,679.70,3607.4,36.84,burn
3.994,414.16,680.07,3600.3,37.05,burn
3.995,414.94,682.28,3613.3,37.01,burn
3.996,413.61,679.55,3595.6,36.63,burn
3.997,416.65,679.54,3609.6,36.91,burn
3.998,416.65,678.21,3660.9,37.02,burn
3.999,412.39,681.60,3616.2,36.94,burn
4.000,417.56,680.73,3651.4,37.11,burn
4.001,415.99,677.94,3621.8,36.99,burn
4.002,414.65,678.22,3631.6,36.90,burn
4.003,417.93,679.16,3639.9,36.79,burn
4.004,418.86,682.30,3630.9,36.84,burn
4.005,412.70,678.18,3622.9,36.80,burn
4.006,413.92,683.31,3605.0,37.29,burn
4.007,415.32,679.67,3609.1,37.16,burn
4.008,419.99,678.18,3622.4,37.14,burn
4.009,416.20,677.80,3613.7,36.78,burn
4.010,415.71,680.78,3574.5,37.17,burn
4.011,421.01,677.17,3637.6,36.69,burn
4.012,414.29,678.92,3602.9,37.10,burn
4.013,417.94,680.24,3613.3,36.77,burn
4.014,412.97,677.19,3572.1,36.80,burn
4.015,415.29,679.33,3583.4,37.21,burn
4.016,417.75,677.34,3633.8,37.19,burn
4.017,412.85,680.44,3585.0,37.10,burn
4.018,413.03,677.72,3605.3,37.37,burn
4.019,414.61,679.77,3646.8,36.93,burn
4.020,419.50,680.95,3643.0,37.24,burn
4.021,410.05,679.75,3559.7,37.05,burn
4.022,413.22,678.64,3592.0,36.97,burn
4.023,417.97,678.68,3651.0,37.19,burn
4.024,408.41,677.38,3556.6,37.24,burn
4.025,420.68,678.50,3615.8,36.90,burn
4.026,415.49,680.07,3579.7,37.57,burn
4.027,421.01,679.58,3664.3,37.23,burn
4.028,412.16,676.90,3579.1,37.08,burn
4.029,417.48,680.50,3658.5,36.92,burn
4.030,413.05,676.96,3589.0,37.01,burn
4.031,415.85,676.55,3598.9,37.22,burn
4.032,412.78,678.30,3642.2,36.82,burn
4.033,413.09,679.56,3603.7,36.66,burn
4.034,409.85,678.66,3559.2,36.87,burn
4.035,406.50,674.79,3539.1,37.73,burn
4.036,414.83,678.81,3585.4,37.11,burn
4.037,422.09,676.72,3691.1,37.27,burn
4.038,414.12,677.95,3605.9,37.04,burn
4.039,413.54,678.88,3607.7,37.46,burn
4.040,416.47,680.06,3605.4,36.72,burn
4.041,412.99,677.48,3642.7,36.87,burn
4.042,413.46,677.50,3544.1,37.04,burn
4.043,411.21,677.66,3566.9,36.96,burn
4.044,412.21,678.73,3607.6,37.15,burn
4.045,418.23,675.28,3665.0,37.09,burn
4.046,412.44,676.31,3589.6,36.76,burn
4.047,415.61,674.27,3599.6,37.16,burn
4.048,413.89,679.38,3612.5,37.37,burn
4.049,412.39,677.35,3579.6,36.94,burn
4.050,415.93,676.64,3578.5,36.95,burn
4.051,417.48,678.81,3631.5,37.41,burn
4.052,411.33,676.26,3567.8,36.96,burn
4.053,416.05,676.99,3614.5,37.07,burn
4.054,417.36,678.34,3637.3,36.71,burn
4.055,414.08,676.30,3591.0,37.26,burn
4.056,414.76,678.48,3625.5,37.06,burn
4.057,415.01,678.40,3629.7,37.30,burn
4.058,415.61,676.48,3620.2,37.16,burn
4.059,411.62,676.76,3595.8,36.93,burn
4.060,413.45,677.48,3566.3,37.20,burn
4.061,416.24,675.78,3668.6,36.97,burn
4.062,412.72,674.59,3573.7,37.34,burn
4.063,414.74,676.90,3609.2,37.45,burn
4.064,414.78,675.58,3594.2,37.07,burn
4.065,412.66,675.45,3601.9,37.16,burn
4.066,415.40,675.79,3601.6,37.04,burn
4.067,418.92,674.83,3645.9,37.28,burn
4.068,412.62,675.51,3584.1,37.27,burn
4.069,413.15,673.14,3572.4,37.16,burn
4.070,414.52,677.61,3658.8,37.09,burn
4.071,411.38,675.94,3557.3,37.47,burn
4.072,413.19,674.95,3609.1,37.30,burn
4.073,410.55,674.93,3603.7,37.24,burn
4.074,409.40,676.71,3575.5,37.26,burn
4.075,416.00,675.75,3609.9,37.27,burn
4.076,417.51,675.98,3662.2,37.22,burn
4.077,420.21,673.29,3691.7,37.12,burn
4.078,414.52,674.03,3598.0,37.57,burn
4.079,417.87,676.43,3637.5,37.03,burn
4.080,414.12,675.74,3615.5,37.01,burn
4.081,412.80,678.57,3635.7,37.11,burn
4.082,416.94,674.63,3636.0,37.30,burn
4.083,414.25,676.31,3599.0,37.38,burn
4.084,416.98,673.25,3616.6,37.16,burn
4.085,415.88,672.89,3622.8,37.26,burn
4.086,412.07,674.39,3620.6,37.19,burn
4.087,411.70,673.93,3587.8,37.34,burn
4.088,411.89,673.87,3593.2,36.91,burn
4.089,413.02,675.39,3572.1,37.64,burn
4.090,417.72,674.90,3644.5,37.33,burn
4.091,414.66,674.80,3554.1,37.22,burn
4.092,419.27,676.77,3684.2,37.05,burn
4.093,416.64,675.22,3627.4,37.49,burn
4.094,414.47,672.72,3602.3,37.35,burn
4.095,412.43,676.05,3606.1,37.14,burn
4.096,409.11,675.71,3519.5,37.41,burn
4.097,418.25,673.73,3608.5,37.48,burn
4.098,418.91,675.73,3617.9,37.65,burn
4.099,414.30,675.52,3580.2,37.40,burn
4.100,420.25,673.62,3675.4,37.18,burn
4.101,414.81,673.94,3621.5,37.50,burn
4.102,414.93,675.71,3592.9,37.33,burn
4.103,418.42,672.06,3669.8,37.45,burn
4.104,415.04,673.82,3647.4,37.14,burn
4.105,413.64,672.21,3585.6,37.31,burn
4.106,413.92,671.92,3604.0,37.00,burn
4.107,409.84,674.58,3560.1,37.58,burn
4.108,414.77,678.12,3623.4,37.13,burn
4.109,414.94,677.98,3606.1,37.32,burn
4.110,418.66,677.29,3679.9,37.13,burn
4.111,416.93,673.69,3656.4,37.62,burn
4.112,412.76,671.32,3569.8,37.16,burn
4.113,417.42,676.57,3634.5,37.56,burn
4.114,415.88,672.45,3598.9,37.63,burn
4.115,419.70,676.22,3655.5,37.61,burn
4.116,417.71,673.34,3661.7,37.22,burn
4.117,414.69,673.42,3653.0,37.40,burn
4.118,418.13,673.80,3624.3,37.71,burn
4.119,413.88,673.82,3602.2,37.40,burn
4.120,412.12,673.98,3548.2,37.48,burn
4.121,415.73,670.37,3628.2,37.23,burn
4.122,416.67,674.44,3642.1,37.31,burn
4.123,418.14,672.94,3656.8,37.40,burn
4.124,414.91,673.85,3626.6,37.16,burn
4.125,415.17,673.01,3623.0,37.34,burn
4.126,417.18,672.40,3613.7,37.24,burn
4.127,414.78,674.25,3584.2,37.41,burn
4.128,419.83,673.77,3654.6,37.01,burn
4.129,410.54,673.69,3555.6,37.53,burn
4.130,411.20,673.24,3630.8,37.81,burn
4.131,414.17,671.48,3606.4,37.71,burn
4.132,418.32,672.87,3670.3,37.50,burn
4.133,414.72,670.97,3612.5,37.27,burn
4.134,410.94,673.96,3592.0,37.60,burn
4.135,417.33,670.09,3612.3,37.25,burn
4.136,411.63,671.50,3625.4,37.52,burn
4.137,418.85,667.61,3665.6,37.74,burn
4.138,417.71,670.47,3656.3,37.14,burn
4.139,419.52,672.18,3694.3,37.36,burn
4.140,418.76,671.49,3673.1,37.05,burn
4.141,418.29,671.39,3652.4,37.24,burn
4.142,417.15,674.50,3621.4,37.65,burn
4.143,414.07,671.99,3600.7,37.51,burn
4.144,414.70,670.89,3601.8,37.53,burn
4.145,415.04,671.09,3608.0,37.06,burn
4.146,415.59,672.87,3615.4,37.25,burn
4.147,413.39,671.20,3638.6,37.39,burn
4.148,412.81,670.92,3567.1,37.53,burn
4.149,419.26,672.71,3659.0,37.50,burn
4.150,411.49,671.67,3599.0,37.41,burn
4.151,418.24,670.24,3638.0,37.63,burn
4.152,421.11,672.62,3685.7,37.43,burn
4.153,411.95,671.98,3566.0,37.65,burn
4.154,419.17,671.58,3668.1,37.41,burn
4.155,414.66,672.83,3620.9,37.08,burn
4.156,419.40,673.56,3643.2,37.87,burn
4.157,413.32,672.60,3576.1,37.35,burn
4.158,418.89,672.21,3608.9,37.59,burn
4.159,412.94,670.86,3599.8,37.60,burn
4.160,411.08,669.99,3618.5,37.47,burn
4.161,420.31,673.56,3675.5,37.36,burn
4.162,412.50,670.57,3579.3,37.22,burn
4.163,411.19,670.64,3596.2,37.61,burn
4.164,415.10,672.13,3599.7,37.40,burn
4.165,414.06,672.26,3607.8,37.59,burn
4.166,418.57,671.36,3676.1,37.62,burn
4.167,412.40,671.86,3588.6,37.60,burn
4.168,413.69,671.77,3597.6,37.36,burn
4.169,417.37,670.75,3624.8,37.33,burn
4.170,412.84,671.08,3578.9,37.50,burn
4.171,418.10,672.41,3598.6,37.65,burn
4.172,418.23,671.57,3647.2,37.61,burn
4.173,420.96,671.47,3675.1,37.44,burn
4.174,421.30,668.36,3652.0,37.42,burn
4.175,412.83,670.41,3566.3,37.40,burn
4.176,412.85,671.07,3617.0,37.58,burn
4.177,412.26,667.96,3581.9,37.71,burn
4.178,414.95,671.34,3626.5,37.76,burn
4.179,414.62,670.08,3635.9,37.19,burn
4.180,414.35,670.55,3644.0,37.67,burn
4.181,411.55,669.24,3592.6,37.25,burn
4.182,418.90,667.14,3624.8,37.67,burn
4.183,410.55,668.64,3585.3,37.29,burn
4.184,413.39,670.52,3604.0,37.68,burn
4.185,417.40,667.83,3609.0,37.89,burn
4.186,416.88,670.69,3645.4,37.10,burn
4.187,414.38,668.90,3628.5,37.72,burn
4.188,417.86,668.66,3629.7,37.92,burn
4.189,414.01,669.92,3621.9,37.34,burn
4.190,420.95,671.11,3676.7,37.72,burn
4.191,418.15,669.60,3637.8,37.63,burn
4.192,412.75,670.73,3621.7,37.89,burn
4.193,417.57,667.21,3560.0,37.64,burn
4.194,414.34,671.78,3586.5,37.33,burn
4.195,416.16,669.55,3615.3,37.51,burn
4.196,418.67,671.18,3642.3,37.69,burn
4.197,412.52,670.48,3556.9,37.46,burn
4.198,419.22,668.90,3644.5,37.59,burn
4.199,414.20,671.59,3590.8,37.45,burn
4.200,418.28,668.07,3651.9,37.69,burn
4.201,416.33,669.84,3631.3,37.43,burn
4.202,413.35,672.10,3569.8,37.45,burn
4.203,410.92,666.70,3573.3,37.48,burn
4.204,411.33,668.86,3592.5,37.59,burn
4.205,415.89,671.36,3638.2,37.98,burn
4.206,411.74,671.77,3584.7,37.88,burn
4.207,413.52,666.37,3616.2,37.53,burn
4.208,414.26,668.03,3584.2,37.66,burn
4.209,413.08,668.63,3559.9,37.32,burn
4.210,413.66,667.71,3598.7,37.74,burn
4.211,416.82,666.89,3617.7,37.94,burn
4.212,418.36,669.72,3648.2,37.53,burn
4.213,416.40,670.51,3624.0,37.96,burn
4.214,416.94,667.55,3628.6,37.54,burn
4.215,416.60,669.27,3605.0,37.59,burn
4.216,413.68,669.63,3581.5,37.39,burn
4.217,415.56,669.83,3553.1,37.50,burn
4.218,409.93,667.48,3566.2,37.68,burn
4.219,415.24,666.92,3700.0,37.78,burn
4.220,413.72,667.42,3590.1,37.50,burn
4.221,418.71,670.46,3651.0,37.97,burn
4.222,409.43,667.64,3540.0,37.67,burn
4.223,411.79,666.58,3568.4,37.92,burn
4.224,421.84,665.96,3682.8,37.80,burn
4.225,417.20,668.57,3679.1,37.87,burn
4.226,419.15,668.22,3642.0,37.94,burn
4.227,412.63,666.22,3592.8,37.83,burn
4.228,410.64,668.33,3613.7,37.94,burn
4.229,416.45,666.40,3634.9,37.78,burn
4.230,415.48,666.66,3596.3,37.92,burn
4.231,416.63,667.00,3648.4,37.78,burn
4.232,419.64,664.82,3671.2,37.35,burn
4.233,417.56,666.18,3590.8,37.82,burn
4.234,410.36,665.11,3574.3,37.82,burn
4.235,413.47,667.36,3588.1,37.51,burn
4.236,408.38,668.87,3542.7,37.55,burn
4.237,416.64,669.39,3625.5,37.74,burn
4.238,413.60,668.59,3618.9,37.94,burn
4.239,411.19,668.84,3561.6,37.42,burn
4.240,416.08,666.48,3619.4,37.76,burn
4.241,411.68,668.19,3582.1,37.94,burn
4.242,418.02,668.68,3629.8,37.92,burn
4.243,417.15,663.65,3606.4,37.82,burn
4.244,421.70,665.75,3690.5,37.73,burn
4.245,412.74,666.60,3554.2,37.43,burn
4.246,417.86,670.66,3610.0,37.56,burn
4.247,413.65,667.07,3584.7,37.84,burn
4.248,411.39,663.02,3595.9,37.66,burn
4.249,420.57,665.16,3644.6,38.03,burn
4.250,411.82,668.21,3615.4,37.89,burn
4.251,419.95,667.32,3648.0,37.67,burn
4.252,413.93,667.11,3579.7,37.77,burn
4.253,417.17,667.09,3652.5,37.55,burn
4.254,413.72,667.67,3601.3,37.83,burn
4.255,412.68,664.17,3600.8,37.68,burn
4.256,412.30,665.47,3595.6,38.04,burn
4.257,413.75,663.89,3612.7,37.25,burn
4.258,415.74,665.64,3578.8,37.76,burn
4.259,419.20,662.28,3609.8,37.60,burn
4.260,412.62,666.89,3591.9,38.29,burn
4.261,415.09,666.12,3644.5,37.86,burn
4.262,414.19,667.43,3635.9,37.30,burn
4.263,414.75,669.91,3597.6,37.74,burn
4.264,411.93,665.93,3566.6,37.87,burn
4.265,410.86,664.08,3553.2,37.77,burn
4.266,413.59,665.73,3575.2,37.85,burn
4.267,414.90,667.14,3613.9,37.88,burn
4.268,422.21,666.33,3648.4,37.65,burn
4.269,419.50,665.61,3669.6,37.57,burn
4.270,413.79,661.90,3597.9,37.96,burn
4.271,411.12,666.39,3600.2,38.20,burn
4.272,409.87,663.86,3554.9,37.83,burn
4.273,417.83,662.66,3626.1,37.79,burn
4.274,418.61,665.37,3646.0,37.81,burn
4.275,421.23,666.49,3699.0,38.04,burn
4.276,414.21,663.78,3607.6,37.48,burn
4.277,416.17,663.77,3627.7,37.95,burn
4.278,413.97,662.91,3633.2,37.18,burn
4.279,419.27,665.60,3669.2,38.06,burn
4.280,417.79,662.47,3602.8,37.66,burn
4.281,412.68,662.76,3604.6,38.03,burn
4.282,415.51,663.17,3666.7,37.82,burn
4.283,412.00,664.95,3588.9,37.89,burn
4.284,415.33,666.44,3626.2,37.97,burn
4.285,410.75,663.29,3583.4,37.69,burn
4.286,415.59,662.84,3564.1,37.58,burn
4.287,418.58,663.69,3640.1,38.05,burn
4.288,418.79,664.62,3618.7,37.78,burn
4.289,411.28,665.32,3549.8,38.32,burn
4.290,415.15,664.46,3664.9,37.77,burn
4.291,410.99,661.87,3592.8,37.82,burn
4.292,418.28,662.06,3622.6,37.68,burn
4.293,416.22,662.58,3645.2,38.02,burn
4.294,411.60,663.71,3539.3,38.21,burn
4.295,412.26,664.49,3554.5,37.79,burn
4.296,416.68,665.77,3649.2,37.58,burn
4.297,409.90,663.22,3548.6,37.70,burn
4.298,415.21,664.18,3620.7,37.44,burn
4.299,416.09,665.13,3613.3,38.47,burn
4.300,413.02,661.60,3589.0,37.98,burn
4.301,414.20,662.57,3623.7,38.05,burn
4.302,415.27,664.23,3614.8,37.50,burn
4.303,416.73,663.35,3609.9,38.07,burn
4.304,411.25,658.89,3607.7,37.96,burn
4.305,413.31,661.09,3617.0,37.80,burn
4.306,417.40,662.78,3620.5,38.18,burn
4.307,407.17,662.90,3558.4,37.88,burn
4.308,417.94,661.66,3678.3,38.09,burn
4.309,419.01,664.50,3607.3,38.36,burn
4.310,420.69,662.45,3657.4,37.68,burn
4.311,407.92,665.02,3494.6,38.61,burn
4.312,413.62,662.10,3627.2,38.21,burn
4.313,413.06,660.63,3615.6,38.00,burn
4.314,419.35,662.04,3624.0,37.82,burn
4.315,417.00,663.23,3579.4,37.73,burn
4.316,418.07,660.68,3623.6,37.59,burn
4.317,417.21,666.96,3598.1,37.83,burn
4.318,410.43,659.69,3611.0,37.55,burn
4.319,416.26,662.87,3650.6,37.88,burn
4.320,408.47,665.33,3538.5,38.44,burn
4.321,416.33,662.97,3626.3,37.84,burn
4.322,415.60,661.29,3578.7,37.79,burn
4.323,414.46,659.04,3612.4,37.86,burn
4.324,415.72,661.97,3611.6,38.03,burn
4.325,417.14,664.25,3642.1,38.41,burn
4.326,412.66,660.16,3583.6,38.34,burn
4.327,416.08,662.97,3623.7,37.90,burn
4.328,419.37,664.17,3618.3,38.30,burn
4.329,416.19,663.18,3607.2,38.29,burn
4.330,415.69,663.29,3600.7,38.03,burn
4.331,414.96,661.78,3640.6,37.95,burn
4.332,411.11,662.61,3633.1,38.21,burn
4.333,419.29,660.22,3645.2,37.94,burn
4.334,413.76,662.24,3607.2,38.26,burn
4.335,415.12,661.32,3585.5,38.18,burn
4.336,414.11,659.20,3603.7,38.05,burn
4.337,413.93,661.70,3595.1,38.15,burn
4.338,413.23,657.89,3592.5,37.83,burn
4.339,412.89,660.92,3534.9,37.82,burn
4.340,417.80,660.18,3661.4,37.98,burn
4.341,419.10,661.00,3669.7,38.17,burn
4.342,415.73,659.84,3647.1,37.79,burn
4.343,411.53,662.49,3549.5,37.70,burn
4.344,414.80,661.11,3555.0,37.65,burn
4.345,421.66,661.08,3655.0,37.68,burn
4.346,415.94,660.31,3631.4,38.00,burn
4.347,414.41,661.79,3590.9,37.93,burn
4.348,412.54,662.41,3595.7,38.15,burn
4.349,416.59,660.78,3652.8,38.31,burn
4.350,414.28,659.53,3612.9,38.38,burn
4.351,418.85,660.05,3664.1,37.91,burn
4.352,418.26,661.17,3644.5,38.33,burn
4.353,416.54,658.03,3604.0,38.18,burn
4.354,415.23,660.41,3610.3,38.08,burn
4.355,416.62,660.36,3612.3,38.16,burn
4.356,415.95,660.06,3606.5,37.62,burn
4.357,414.30,662.46,3617.8,38.07,burn
4.358,418.99,660.05,3670.1,37.82,burn
4.359,414.72,659.47,3611.2,38.04,burn
4.360,413.40,659.74,3602.6,38.12,burn
4.361,409.97,659.76,3527.9,38.35,burn
4.362,414.36,657.60,3610.4,38.33,burn
4.363,410.40,663.11,3573.4,38.09,burn
4.364,417.29,661.24,3631.4,38.07,burn
4.365,412.58,659.85,3598.5,37.85,burn
4.366,412.25,658.68,3615.8,38.14,burn
4.367,408.21,658.08,3522.8,38.01,burn
4.368,415.83,659.62,3613.1,38.31,burn
4.369,414.09,658.49,3600.2,38.45,burn
4.370,417.10,658.91,3682.0,38.03,burn
4.371,412.22,661.31,3583.2,38.26,burn
4.372,418.07,658.99,3619.9,37.52,burn
4.373,417.22,659.41,3671.2,38.35,burn
4.374,419.92,661.03,3684.6,38.07,burn
4.375,413.64,658.57,3561.9,38.45,burn
4.376,418.39,659.42,3644.2,38.22,burn
4.377,412.55,658.71,3627.6,38.06,burn
4.378,415.32,661.82,3583.6,37.92,burn
4.379,414.29,656.64,3598.3,38.13,burn
4.380,419.17,659.00,3615.7,37.88,burn
4.381,416.31,658.88,3616.5,38.29,burn
4.382,420.88,656.51,3628.1,38.26,burn
4.383,416.20,659.39,3580.8,38.09,burn
4.384,415.54,661.02,3625.8,38.47,burn
4.385,414.80,660.46,3610.4,38.11,burn
4.386,415.83,660.26,3599.8,38.12,burn
4.387,412.85,658.76,3586.8,37.68,burn
4.388,411.80,656.39,3546.2,38.28,burn
4.389,413.41,659.24,3583.5,38.18,burn
4.390,413.93,656.58,3583.1,38.09,burn
4.391,413.47,658.34,3618.8,38.11,burn
4.392,421.56,659.85,3700.0,38.20,burn
4.393,414.48,657.38,3553.8,38.12,burn
4.394,414.13,657.29,3590.6,37.88,burn
4.395,418.79,656.25,3629.2,38.05,burn
4.396,417.72,657.01,3665.9,38.25,burn
4.397,412.83,656.34,3585.8,38.34,burn
4.398,417.58,658.83,3610.4,38.10,burn
4.399,418.06,659.28,3610.2,38.22,burn
4.400,412.53,653.59,4463.5,38.02,burn
4.401,414.61,658.44,3587.1,38.45,burn
4.402,417.16,655.44,3602.8,38.38,burn
4.403,417.74,659.62,3636.6,38.19,burn
4.404,412.79,657.99,3591.7,38.30,burn
4.405,418.62,658.61,3625.4,37.63,burn
4.406,416.66,658.34,3638.1,38.32,burn
4.407,412.28,658.02,3566.9,38.27,burn
4.408,414.30,657.55,3588.0,38.15,burn
4.409,420.53,658.86,3623.4,37.82,burn
4.410,416.20,658.35,3640.7,38.41,burn
4.411,409.34,658.27,3561.5,38.15,burn
4.412,411.29,659.93,3598.0,38.44,burn
4.413,419.55,655.37,3677.8,38.49,burn
4.414,414.85,657.62,3579.0,38.36,burn
4.415,415.52,656.06,3622.0,38.25,burn
4.416,411.51,655.80,3561.0,38.13,burn
4.417,419.63,657.11,3641.5,38.02,burn
4.418,414.67,658.68,3593.2,38.21,burn
4.419,413.20,655.19,3631.1,37.89,burn
4.420,414.64,656.44,3599.7,38.18,burn
4.421,424.04,655.13,3657.0,38.21,burn
4.422,415.10,654.41,3620.2,38.36,burn
4.423,416.13,656.94,3661.0,38.41,burn
4.424,410.71,657.35,3575.4,38.41,burn
4.425,413.12,659.47,3628.5,37.76,burn
4.426,409.42,655.15,3527.9,38.15,burn
4.427,417.88,655.55,3656.5,38.00,burn
4.428,412.96,655.20,3666.6,38.29,burn
4.429,413.66,658.12,3603.7,37.91,burn
4.430,415.38,654.71,3577.5,38.43,burn
4.431,416.10,655.18,3629.4,38.78,burn
4.432,421.19,655.86,3643.6,38.28,burn
4.433,415.08,656.60,3613.5,38.64,burn
4.434,418.17,656.84,3653.3,38.41,burn
4.435,412.86,655.75,3581.9,38.62,burn
4.436,412.02,655.18,3581.6,38.32,burn
4.437,412.86,657.13,3570.1,38.52,burn
4.438,414.83,656.50,3624.9,38.07,burn
4.439,415.78,654.67,3615.6,38.29,burn
4.440,418.17,658.33,3671.3,38.52,burn
4.441,417.77,658.04,3590.2,38.48,burn
4.442,413.31,655.57,3600.4,38.30,burn
4.443,415.89,654.25,3596.0,38.17,burn
4.444,418.24,657.71,3638.2,38.10,burn
4.445,410.99,657.64,3613.2,38.25,burn
4.446,412.98,655.68,3629.1,38.38,burn
4.447,411.19,654.46,3583.0,38.35,burn
4.448,416.83,657.53,3601.4,38.31,burn
4.449,414.93,653.94,3624.1,38.38,burn
4.450,412.39,657.23,3588.5,38.36,burn
4.451,416.53,654.54,3618.0,38.37,burn
4.452,413.93,654.69,3587.0,38.17,burn
4.453,417.96,655.41,3656.6,38.40,burn
4.454,414.41,655.66,3581.6,38.18,burn
4.455,415.99,651.07,3596.7,38.18,burn
4.456,410.83,655.41,3572.9,38.34,burn
4.457,416.36,654.42,3595.7,38.62,burn
4.458,413.86,653.34,3596.4,38.46,burn
4.459,409.92,654.14,3519.2,38.15,burn
4.460,409.57,651.91,3562.9,38.19,burn
4.461,412.08,654.31,3574.6,38.43,burn
4.462,417.35,653.21,3638.4,38.44,burn
4.463,408.64,656.17,3582.2,38.24,burn
4.464,418.53,653.99,3682.0,38.81,burn
4.465,414.48,656.00,3625.3,38.40,burn
4.466,415.70,653.73,3653.3,38.35,burn
4.467,417.26,652.67,3641.3,37.92,burn
4.468,412.63,657.80,3585.3,38.14,burn
4.469,414.91,653.14,3603.7,38.43,burn
4.470,414.56,651.58,3600.8,38.53,burn
4.471,413.23,651.62,3604.7,38.54,burn
4.472,417.57,653.60,3637.4,38.34,burn
4.473,415.37,655.19,3656.7,38.17,burn
4.474,417.27,651.54,3609.5,38.51,burn
4.475,417.58,656.12,3650.7,38.53,burn
4.476,416.20,656.24,3598.3,38.28,burn
4.477,417.32,659.68,3593.9,38.61,burn
4.478,411.63,656.27,3575.8,38.19,burn
4.479,411.07,654.92,3566.0,38.52,burn
4.480,419.36,654.23,3645.5,38.26,burn
4.481,413.87,656.60,3631.4,38.34,burn
4.482,416.95,652.92,3639.2,38.24,burn
4.483,418.29,653.68,3619.8,38.33,burn
4.484,416.10,654.68,3654.7,38.23,burn
4.485,417.42,649.98,3666.3,38.37,burn
4.486,411.36,652.04,3596.3,38.19,burn
4.487,411.06,653.12,3526.1,38.79,burn
4.488,411.53,652.26,3610.1,38.73,burn
4.489,413.18,654.14,3595.1,38.46,burn
4.490,407.19,655.62,3576.6,38.44,burn
4.491,413.79,654.10,3598.8,38.25,burn
4.492,409.44,652.92,3566.1,38.21,burn
4.493,417.99,653.77,3630.6,38.64,burn
4.494,416.30,651.44,3591.1,38.22,burn
4.495,416.46,653.32,3602.3,38.36,burn
4.496,409.19,649.91,3572.8,38.60,burn
4.497,413.82,654.19,3601.5,38.27,burn
4.498,419.36,651.15,3659.7,38.37,burn
4.499,412.86,653.39,3603.5,38.25,burn
4.500,417.57,652.57,3610.1,38.59,burn
4.501,412.34,654.49,3651.8,38.33,burn
4.502,414.54,650.56,3606.4,38.38,burn
4.503,422.94,651.96,3658.8,38.77,burn
4.504,417.01,653.53,3624.2,38.86,burn
4.505,418.95,653.33,3646.3,38.35,burn
4.506,414.85,650.68,3626.4,38.29,burn
4.507,410.40,653.10,3535.2,38.54,burn
4.508,410.64,654.05,3610.4,38.56,burn
4.509,417.49,650.99,3589.4,38.49,burn
4.510,415.90,653.46,3629.7,38.69,burn
4.511,419.37,649.87,3634.3,38.61,burn
4.512,413.57,651.09,3614.0,38.89,burn
4.513,416.07,655.04,3638.9,38.77,burn
4.514,412.91,651.76,3640.7,38.52,burn
4.515,416.99,649.94,3656.1,38.61,burn
4.516,408.75,652.93,3531.6,38.87,burn
4.517,415.11,652.30,3605.7,38.47,burn
4.518,412.34,653.08,3658.7,38.99,burn
4.519,414.61,650.84,3602.9,38.61,burn
4.520,418.04,651.37,3675.0,38.54,burn
4.521,416.16,649.89,3628.5,38.68,burn
4.522,416.88,651.81,3649.5,38.72,burn
4.523,412.62,651.16,3565.9,38.68,burn
4.524,406.98,652.06,3495.2,38.80,burn
4.525,411.62,649.49,3532.3,38.55,burn
4.526,415.79,652.39,3599.6,38.66,burn
4.527,411.49,651.46,3608.3,38.42,burn
4.528,416.11,650.40,3637.0,38.69,burn
4.529,409.47,651.88,3579.6,38.69,burn
4.530,414.53,650.49,3579.1,38.83,burn
4.531,419.00,651.97,3685.2,38.60,burn
4.532,416.51,649.81,3660.8,39.11,burn
4.533,412.45,650.17,3581.5,38.55,burn
4.534,417.04,650.01,3679.0,38.58,burn
4.535,414.60,649.46,3592.7,38.38,burn
4.536,413.13,651.15,3590.2,38.86,burn
4.537,418.37,651.55,3672.0,38.59,burn
4.538,416.14,649.10,3611.9,38.60,burn
4.539,409.12,654.03,3547.8,38.64,burn
4.540,413.08,650.17,3613.7,38.58,burn
4.541,419.63,647.57,3627.7,38.51,burn
4.542,414.65,648.24,3604.6,38.63,burn
4.543,420.94,648.36,3635.6,38.42,burn
4.544,417.26,650.35,3616.5,38.72,burn
4.545,417.85,648.90,3622.1,38.62,burn
4.546,410.00,649.30,3609.0,38.52,burn
4.547,413.57,650.83,3591.5,38.70,burn
4.548,419.53,650.72,3602.1,38.73,burn
4.549,419.12,648.74,3602.8,38.61,burn
4.550,415.59,648.43,3558.5,38.80,burn
4.551,413.01,651.42,3590.8,38.92,burn
4.552,412.31,649.16,3568.8,38.81,burn
4.553,414.18,646.78,3581.0,38.76,burn
4.554,414.68,651.67,3627.4,38.26,burn
4.555,412.06,649.22,3591.9,38.61,burn
4.556,412.08,649.51,3606.0,38.97,burn
4.557,416.70,648.07,3643.3,38.69,burn
4.558,418.80,648.63,3663.6,38.58,burn
4.559,416.24,649.51,3596.8,38.70,burn
4.560,415.35,648.89,3575.1,38.60,burn
4.561,419.10,651.01,3650.7,38.78,burn
4.562,411.39,650.68,3602.8,38.65,burn
4.563,414.51,646.40,3589.0,38.96,burn
4.564,413.81,647.56,3609.8,38.56,burn
4.565,413.43,648.68,3577.1,38.45,burn
4.566,412.12,648.30,3582.2,38.99,burn
4.567,418.00,650.41,3604.2,38.50,burn
4.568,416.77,651.48,3619.4,38.81,burn
4.569,414.30,647.07,3564.3,38.47,burn
4.570,419.60,648.51,3656.3,38.60,burn
4.571,410.52,646.58,3584.7,38.47,burn
4.572,414.44,648.18,3581.2,38.57,burn
4.573,412.19,649.87,3575.3,38.43,burn
4.574,420.03,651.13,3683.3,38.77,burn
4.575,414.46,649.45,3652.2,38.77,burn
4.576,415.94,648.50,3610.2,38.85,burn
4.577,413.94,647.68,3526.2,38.87,burn
4.578,418.30,648.22,3613.4,39.08,burn
4.579,416.64,648.18,3564.7,38.67,burn
4.580,416.46,648.99,3583.6,38.69,burn
4.581,415.47,649.98,3591.2,38.84,burn
4.582,417.58,647.05,3687.9,38.71,burn
4.583,416.54,645.08,3590.5,38.95,burn
4.584,416.86,648.64,3642.6,38.65,burn
4.585,410.72,649.11,3594.2,38.71,burn
4.586,418.66,646.45,3628.1,38.98,burn
4.587,418.27,647.32,3648.0,38.45,burn
4.588,417.08,649.12,3644.9,38.78,burn
4.589,414.16,646.93,3639.8,39.06,burn
4.590,415.13,648.17,3582.2,38.47,burn
4.591,411.79,649.09,3555.7,38.95,burn
4.592,413.57,648.86,3576.4,38.61,burn
4.593,421.01,646.61,3672.4,38.87,burn
4.594,414.66,650.38,3664.4,38.99,burn
4.595,413.36,647.19,3574.0,39.05,burn
4.596,415.90,647.97,3634.8,38.45,burn
4.597,414.65,646.48,3605.0,38.40,burn
4.598,411.83,649.27,3545.7,38.51,burn
4.599,416.50,649.99,3656.4,38.84,burn
4.600,413.73,647.52,3643.4,38.61,burn
4.601,415.19,650.05,3594.3,38.86,burn
4.602,418.59,646.43,3640.8,38.79,burn
4.603,415.83,646.54,3605.2,38.82,burn
4.604,419.06,644.63,3670.9,38.75,burn
4.605,416.64,649.03,3660.2,38.71,burn
4.606,413.03,645.67,3593.7,38.97,burn
4.607,412.74,649.74,3605.9,38.73,burn
4.608,415.29,646.09,3628.5,38.66,burn
4.609,411.93,648.81,3606.9,39.20,burn
4.610,416.38,648.04,3643.2,38.90,burn
4.611,419.52,644.87,3634.9,38.88,burn
4.612,414.37,645.78,3608.8,38.90,burn
4.613,414.67,647.32,3641.9,38.70,burn
4.614,420.76,647.79,3679.7,38.72,burn
4.615,417.68,647.73,3615.2,38.92,burn
4.616,416.73,645.77,3620.6,39.05,burn
4.617,417.92,644.37,3640.5,38.92,burn
4.618,415.54,646.30,3618.4,38.84,burn
4.619,419.73,644.68,3648.5,38.77,burn
4.620,417.84,642.96,3658.6,38.83,burn
4.621,407.97,644.54,3567.1,38.91,burn
4.622,417.29,646.45,3630.5,38.98,burn
4.623,416.24,645.25,3620.6,38.84,burn
4.624,410.48,644.35,3606.7,38.76,burn
4.625,418.44,645.33,3643.9,38.88,burn
4.626,414.86,645.53,3613.4,38.69,burn
4.627,413.35,647.46,3592.4,38.93,burn
4.628,408.80,644.67,3547.8,39.21,burn
4.629,414.96,647.05,3614.0,39.01,burn
4.630,415.03,646.36,3585.2,39.08,burn
4.631,416.88,644.48,3646.3,38.93,burn
4.632,415.75,643.86,3622.6,38.91,burn
4.633,414.95,645.10,3643.2,38.93,burn
4.634,412.71,644.95,3579.5,39.01,burn
4.635,414.08,644.76,3647.5,38.88,burn
4.636,416.69,642.83,3614.9,38.93,burn
4.637,409.96,643.78,3553.6,38.89,burn
4.638,413.48,643.53,3601.9,38.84,burn
4.639,415.00,644.81,3637.4,39.02,burn
4.640,414.89,644.39,3598.9,38.84,burn
4.641,417.04,644.15,3644.6,38.75,burn
4.642,420.46,645.43,3648.8,39.15,burn
4.643,414.05,644.97,3613.1,38.90,burn
4.644,414.30,642.50,3588.1,38.57,burn
4.645,413.83,644.66,3600.5,38.93,burn
4.646,408.61,645.07,3583.3,38.85,burn
4.647,418.62,646.04,3637.5,39.10,burn
4.648,416.01,643.92,3618.1,38.81,burn
4.649,417.13,644.53,3591.5,38.98,burn
4.650,415.12,645.59,3561.6,39.38,burn
4.651,417.58,642.78,3627.4,39.09,burn
4.652,414.31,642.87,3617.4,38.88,burn
4.653,417.13,642.43,3614.1,38.75,burn
4.654,413.16,644.69,3630.5,39.04,burn
4.655,418.67,645.35,3650.5,39.40,burn
4.656,411.56,644.81,3574.4,38.81,burn
4.657,417.12,643.91,3654.2,39.02,burn
4.658,415.81,641.53,3596.5,38.66,burn
4.659,417.50,645.46,3623.7,39.09,burn
4.660,414.23,645.45,3575.4,38.66,burn
4.661,412.91,643.34,3584.8,39.09,burn
4.662,413.42,642.62,3583.9,39.15,burn
4.663,414.19,643.24,3611.0,39.22,burn
4.664,414.60,642.40,3589.1,38.93,burn
4.665,412.16,643.59,3591.3,38.67,burn
4.666,414.12,643.39,3575.4,39.20,burn
4.667,409.47,643.65,3586.3,39.48,burn
4.668,413.85,643.58,3585.0,38.85,burn
4.669,414.47,641.85,3633.1,39.11,burn
4.670,420.87,641.45,3682.8,38.76,burn
4.671,419.76,642.83,3635.9,39.03,burn
4.672,418.69,643.34,3630.0,38.52,burn
4.673,417.30,642.18,3595.6,39.04,burn
4.674,414.91,639.20,3586.0,38.97,burn
4.675,409.93,642.65,3606.1,38.76,burn
4.676,414.00,642.86,3609.2,39.08,burn
4.677,413.77,644.43,3624.0,39.23,burn
4.678,412.82,643.39,3602.9,38.83,burn
4.679,417.71,643.34,3695.6,39.05,burn
4.680,414.25,642.49,3641.9,38.78,burn
4.681,412.65,642.64,3597.2,39.03,burn
4.682,410.09,641.49,3607.3,38.85,burn
4.683,419.14,643.57,3635.6,39.08,burn
4.684,417.93,643.79,3655.7,38.96,burn
4.685,414.87,646.92,3636.9,39.40,burn
4.686,416.31,641.33,3592.9,39.20,burn
4.687,414.70,647.01,3581.3,38.83,burn
4.688,417.24,641.08,3631.0,39.25,burn
4.689,416.01,642.29,3645.5,38.90,burn
4.690,413.70,641.17,3634.8,39.20,burn
4.691,413.18,642.95,3579.3,38.89,burn
4.692,411.22,642.99,3580.8,39.35,burn
4.693,413.99,641.17,3617.1,39.35,burn
4.694,418.46,640.26,3637.2,38.97,burn
4.695,409.69,640.80,3545.3,39.27,burn
4.696,416.40,642.51,3585.1,38.97,burn
4.697,416.38,637.33,3564.0,38.86,burn
4.698,413.18,639.35,3596.8,39.37,burn
4.699,410.28,641.79,3568.3,39.07,burn
4.700,413.19,643.50,3574.2,39.22,burn
4.701,413.20,642.15,3625.2,39.33,burn
4.702,416.70,641.22,3623.7,39.23,burn
4.703,416.50,642.06,3625.7,39.29,burn
4.704,414.16,641.42,3620.2,38.95,burn
4.705,416.76,641.53,3620.4,39.19,burn
4.706,412.55,639.26,3582.5,38.86,burn
4.707,415.12,639.48,3587.4,39.35,burn
4.708,418.35,639.66,3652.3,39.00,burn
4.709,414.04,641.47,3582.4,39.13,burn
4.710,414.77,639.80,3610.5,39.08,burn
4.711,410.95,641.23,3598.1,39.08,burn
4.712,414.44,639.91,3606.7,38.93,burn
4.713,416.45,639.53,3637.2,39.33,burn
4.714,413.58,641.09,3622.3,39.43,burn
4.715,419.38,639.37,3633.3,39.30,burn
4.716,416.96,641.18,3650.6,39.30,burn
4.717,415.24,640.78,3597.6,39.08,burn
4.718,417.85,641.49,3634.0,39.51,burn
4.719,418.70,641.11,3671.9,39.04,burn
4.720,418.75,639.64,3644.5,38.78,burn
4.721,412.04,641.54,3598.5,39.24,burn
4.722,412.91,640.17,3590.9,38.89,burn
4.723,415.08,642.61,3635.6,39.13,burn
4.724,412.81,639.79,3614.2,39.14,burn
4.725,420.91,639.57,3708.1,39.23,burn
4.726,409.37,639.41,3572.3,39.39,burn
4.727,415.61,642.16,3637.4,38.94,burn
4.728,410.59,638.02,3650.1,39.01,burn
4.729,411.76,640.15,3582.4,39.48,burn
4.730,418.88,643.39,3618.1,39.33,burn
4.731,414.65,642.43,3616.7,39.30,burn
4.732,415.36,639.90,3617.4,39.16,burn
4.733,416.42,639.96,3618.7,39.31,burn
4.734,413.59,641.40,3606.2,38.89,burn
4.735,416.78,640.54,3651.4,39.19,burn
4.736,416.82,641.32,3614.8,39.17,burn
4.737,415.03,639.21,3599.2,39.33,burn
4.738,413.92,641.01,3574.3,39.36,burn
4.739,415.64,638.34,3648.7,39.06,burn
4.740,417.88,637.09,3684.8,39.10,burn
4.741,414.54,639.43,3577.8,39.27,burn
4.742,414.76,639.74,3534.9,38.98,burn
4.743,411.02,638.68,3559.4,38.83,burn
4.744,417.63,640.64,3640.1,39.22,burn
4.745,413.13,640.87,3609.0,39.42,burn
4.746,417.79,638.66,3665.7,39.30,burn
4.747,416.58,638.92,3595.6,39.25,burn
4.748,418.82,636.91,3622.7,39.63,burn
4.749,416.29,637.96,3593.1,39.33,burn
4.750,412.35,637.04,3591.3,39.61,burn
4.751,422.05,638.45,3682.0,39.45,burn
4.752,418.74,637.66,3681.4,39.57,burn
4.753,415.06,637.94,3629.9,39.08,burn
4.754,413.02,640.25,3596.9,39.43,burn
4.755,411.85,638.16,3593.6,38.93,burn
4.756,419.68,639.85,3650.6,39.18,burn
4.757,414.33,640.69,3609.4,38.90,burn
4.758,416.03,637.44,3572.9,39.07,burn
4.759,417.58,639.24,3643.3,39.06,burn
4.760,415.97,639.04,3612.0,39.45,burn
4.761,416.63,637.12,3649.7,39.26,burn
4.762,414.65,635.37,3637.3,39.27,burn
4.763,417.20,640.70,3602.8,39.52,burn
4.764,418.12,641.26,3592.3,39.08,burn
4.765,414.74,637.23,3604.0,39.15,burn
4.766,416.07,640.02,3610.4,39.29,burn
4.767,414.01,634.26,3586.8,39.19,burn
4.768,415.84,639.42,3611.8,39.26,burn
4.769,419.07,638.11,3633.3,39.38,burn
4.770,416.17,635.65,3652.0,39.45,burn
4.771,413.95,635.88,3586.6,39.45,burn
4.772,414.85,637.31,3602.3,39.03,burn
4.773,411.83,638.86,3563.9,39.32,burn
4.774,414.23,638.76,3613.5,39.17,burn
4.775,418.89,637.47,3615.9,39.12,burn
4.776,419.72,638.99,3640.6,39.95,burn
4.777,409.82,636.79,3573.9,39.10,burn
4.778,417.19,636.23,3598.7,39.25,burn
4.779,415.67,637.48,3604.7,39.63,burn
4.780,409.95,638.70,3554.7,39.22,burn
4.781,416.29,636.84,3606.2,39.73,burn
4.782,416.17,636.76,3581.2,39.63,burn
4.783,416.97,636.46,3615.3,39.58,burn
4.784,411.25,637.26,3595.6,39.56,burn
4.785,413.57,634.18,3629.1,39.59,burn
4.786,416.31,639.45,3644.1,39.04,burn
4.787,410.21,637.23,3583.3,39.29,burn
4.788,419.48,637.42,3648.5,39.40,burn
4.789,416.08,639.37,3589.0,39.71,burn
4.790,413.61,638.35,3621.8,39.37,burn
4.791,419.05,639.09,3617.5,39.30,burn
4.792,418.63,636.33,3628.1,39.20,burn
4.793,413.88,636.35,3597.4,39.41,burn
4.794,412.22,637.00,3560.8,39.28,burn
4.795,417.36,634.03,3624.5,39.25,burn
4.796,423.19,634.80,3710.9,39.34,burn
4.797,415.76,635.73,3600.9,39.42,burn
4.798,413.94,634.61,3598.9,39.43,burn
4.799,411.68,637.42,3581.1,39.38,burn
4.800,417.36,633.94,3664.9,39.34,burn
4.801,411.22,636.66,3589.9,39.81,burn
4.802,416.90,634.72,3616.9,39.42,burn
4.803,416.57,635.15,3646.4,39.47,burn
4.804,415.76,637.65,3631.1,39.66,burn
4.805,414.24,635.28,3579.7,38.95,burn
4.806,421.27,637.16,3642.5,39.31,burn
4.807,415.24,634.87,3588.4,39.36,burn
4.808,420.53,636.05,3634.8,39.50,burn
4.809,416.87,634.26,3657.9,39.27,burn
4.810,419.12,632.66,3649.8,39.45,burn
4.811,413.64,634.09,3596.0,39.52,burn
4.812,416.57,634.57,3627.2,39.19,burn
4.813,415.19,635.42,3609.9,39.33,burn
4.814,414.42,635.45,3606.9,39.74,burn
4.815,411.39,636.21,3601.6,39.35,burn
4.816,415.36,634.12,3662.1,39.40,burn
4.817,421.70,635.03,3668.2,39.34,burn
4.818,420.46,634.35,3646.6,39.53,burn
4.819,414.62,636.34,3549.8,39.29,burn
4.820,420.86,635.40,3664.7,39.65,burn
4.821,415.59,636.29,3592.1,39.47,burn
4.822,412.62,632.87,3622.5,39.32,burn
4.823,414.85,636.01,3626.2,39.31,burn
4.824,416.56,634.23,3629.4,39.38,burn
4.825,417.31,635.62,3622.0,39.14,burn
4.826,415.63,633.40,3633.5,39.36,burn
4.827,415.11,635.18,3597.7,39.49,burn
4.828,416.90,634.15,3633.2,39.42,burn
4.829,415.42,633.29,3583.2,39.36,burn
4.830,411.99,632.58,3606.8,39.29,burn
4.831,414.63,636.63,3614.4,39.54,burn
4.832,415.04,634.52,3624.6,39.63,burn
4.833,413.68,634.83,3554.6,39.41,burn
4.834,416.37,630.53,3614.0,39.59,burn
4.835,415.46,632.94,3627.5,39.74,burn
4.836,413.10,634.79,3528.7,39.37,burn
4.837,418.88,632.95,3649.5,39.50,burn
4.838,413.87,632.79,3582.1,39.66,burn
4.839,415.76,634.01,3605.7,39.24,burn
4.840,414.67,632.50,3601.8,39.46,burn
4.841,412.80,632.64,3595.0,39.66,burn
4.842,416.68,632.35,3619.3,39.38,burn
4.843,415.74,634.02,3624.9,39.77,burn
4.844,417.21,632.52,3649.0,39.45,burn
4.845,420.75,635.22,3636.0,39.57,burn
4.846,415.23,631.23,3578.0,39.33,burn
4.847,414.41,634.02,3603.1,39.60,burn
4.848,406.42,634.22,3508.9,39.34,burn
4.849,416.61,630.75,3606.3,39.44,burn
4.850,413.03,632.92,3554.6,39.61,burn
4.851,412.78,631.92,3618.0,39.95,burn
4.852,413.30,631.75,3624.8,39.35,burn
4.853,416.38,634.91,3628.7,39.46,burn
4.854,414.19,633.50,3655.6,39.54,burn
4.855,414.25,631.84,3613.0,39.26,burn
4.856,414.08,631.33,3577.4,39.74,burn
4.857,414.92,633.63,3651.6,39.69,burn
4.858,414.05,632.00,3601.8,39.14,burn
4.859,412.85,633.40,3602.8,39.67,burn
4.860,411.79,634.22,3597.4,39.22,burn
4.861,417.83,632.83,3602.1,39.65,burn
4.862,416.46,631.91,3626.1,39.78,burn
4.863,414.89,630.65,3586.3,39.34,burn
4.864,413.02,632.93,3567.9,39.53,burn
4.865,420.16,633.61,3643.1,39.45,burn
4.866,413.79,628.21,3579.0,39.17,burn
4.867,417.01,632.25,3595.3,39.27,burn
4.868,411.40,632.76,3544.2,39.65,burn
4.869,418.24,628.26,3650.8,39.41,burn
4.870,417.09,632.54,3609.8,39.71,burn
4.871,412.37,630.13,3581.9,39.80,burn
4.872,415.25,632.79,3592.6,39.46,burn
4.873,411.92,634.39,3576.2,39.61,burn
4.874,414.05,629.96,3622.2,39.96,burn
4.875,411.15,630.36,3563.4,39.53,burn
4.876,415.57,631.37,3604.9,39.60,burn
4.877,418.04,630.90,3630.8,39.74,burn
4.878,413.04,629.39,3575.3,39.62,burn
4.879,413.83,631.76,3595.4,40.14,burn
4.880,415.94,629.86,3630.9,39.61,burn
4.881,409.66,631.88,3588.0,39.88,burn
4.882,415.37,629.43,3597.8,39.34,burn
4.883,413.58,632.98,3606.1,39.51,burn
4.884,415.09,631.13,3606.5,39.64,burn
4.885,406.80,629.01,3600.9,39.86,burn
4.886,411.77,630.09,3548.0,39.60,burn
4.887,413.99,632.08,3638.7,39.74,burn
4.888,417.27,630.87,3618.1,39.70,burn
4.889,411.01,632.93,3517.7,39.69,burn
4.890,410.97,631.94,3533.5,39.51,burn
4.891,414.03,630.02,3558.8,39.84,burn
4.892,413.43,632.92,3562.2,40.09,burn
4.893,415.69,629.43,3654.9,39.55,burn
4.894,412.66,629.91,3626.3,39.71,burn
4.895,415.15,631.66,3643.3,39.24,burn
4.896,411.88,632.80,3547.2,39.51,burn
4.897,415.12,630.01,3608.4,39.88,burn
4.898,417.66,629.60,3620.0,39.60,burn
4.899,413.19,631.45,3615.5,39.50,burn
4.900,413.47,630.11,3587.6,39.93,burn
4.901,419.16,630.52,3652.7,39.66,burn
4.902,412.39,631.55,3613.3,39.63,burn
4.903,411.74,628.78,3574.4,39.86,burn
4.904,410.10,629.39,3527.5,39.83,burn
4.905,412.39,630.30,3626.9,39.45,burn
4.906,414.58,631.67,3549.6,39.85,burn
4.907,413.54,629.97,3587.8,39.22,burn
4.908,421.45,628.29,3652.9,39.97,burn
4.909,412.47,629.80,3599.2,39.42,burn
4.910,412.09,629.78,3633.3,39.91,burn
4.911,414.56,627.62,3600.6,39.75,burn
4.912,418.42,630.60,3683.7,39.86,burn
4.913,413.57,626.40,3599.8,39.94,burn
4.914,415.40,630.72,3661.5,39.91,burn
4.915,415.49,628.51,3647.5,39.59,burn
4.916,413.63,626.71,3600.5,39.53,burn
4.917,414.78,630.91,3620.2,39.75,burn
4.918,411.39,628.96,3565.3,40.16,burn
4.919,407.33,627.86,3498.5,39.58,burn
4.920,413.59,629.09,3643.5,39.77,burn
4.921,417.56,628.39,3636.1,39.88,burn
4.922,414.76,627.65,3645.8,39.97,burn
4.923,411.79,630.44,3590.2,39.38,burn
4.924,414.08,628.19,3646.3,40.02,burn
4.925,418.78,629.76,3666.2,39.54,burn
4.926,411.97,629.49,3586.4,39.84,burn
4.927,415.11,628.61,3600.1,39.47,burn
4.928,415.21,628.56,3599.0,39.50,burn
4.929,417.62,626.70,3641.9,39.90,burn
4.930,413.01,627.95,3601.4,39.49,burn
4.931,418.45,628.16,3636.0,39.88,burn
4.932,413.57,630.06,3601.7,39.77,burn
4.933,417.08,629.78,3661.5,39.94,burn
4.934,418.11,629.79,3627.9,40.05,burn
4.935,420.11,627.73,3626.8,39.75,burn
4.936,420.26,628.20,3637.4,39.97,burn
4.937,412.05,628.62,3612.8,39.34,burn
4.938,419.31,630.06,3688.8,39.68,burn
4.939,410.42,627.67,3545.3,39.98,burn
4.940,413.40,629.43,3538.7,39.98,burn
4.941,415.79,631.43,3609.3,39.89,burn
4.942,411.03,625.60,3585.9,39.79,burn
4.943,415.18,629.03,3615.5,40.05,burn
4.944,416.47,629.25,3617.4,39.85,burn
4.945,417.61,626.73,3648.4,39.88,burn
4.946,414.48,627.87,3620.8,39.90,burn
4.947,418.73,626.57,3669.3,39.89,burn
4.948,415.15,628.13,3625.8,39.91,burn
4.949,417.51,627.66,3586.8,39.54,burn
4.950,418.03,627.06,3631.4,39.99,burn
4.951,420.55,628.02,3629.9,39.87,burn
4.952,414.70,629.07,3627.9,39.48,burn
4.953,416.69,628.13,3617.4,39.77,burn
4.954,414.71,628.02,3601.8,40.04,burn
4.955,414.46,628.97,3608.9,40.21,burn
4.956,412.48,625.31,3586.9,39.88,burn
4.957,418.00,627.83,3648.4,39.59,burn
4.958,412.16,626.21,3571.5,40.07,burn
4.959,411.35,626.87,3563.9,40.13,burn
4.960,414.51,627.60,3543.3,39.90,burn
4.961,413.35,629.09,3574.4,39.80,burn
4.962,421.86,622.48,3668.0,39.84,burn
4.963,415.78,627.93,3624.3,39.97,burn
4.964,421.62,625.22,3647.9,39.99,burn
4.965,410.77,627.15,3582.3,39.78,burn
4.966,412.85,628.30,3627.1,39.69,burn
4.967,419.07,624.64,3679.7,40.06,burn
4.968,413.10,625.96,3604.1,40.04,burn
4.969,412.97,627.35,3590.4,39.99,burn
4.970,416.59,625.89,3615.3,39.76,burn
4.971,412.90,624.60,3578.8,40.23,burn
4.972,412.89,626.57,3605.1,39.99,burn
4.973,417.32,624.87,3615.9,39.94,burn
4.974,414.15,626.76,3587.1,39.78,burn
4.975,415.42,626.67,3620.4,40.10,burn
4.976,418.44,624.90,3609.3,39.85,burn
4.977,418.74,626.78,3643.0,39.76,burn
4.978,417.58,625.54,3637.7,40.30,burn
4.979,420.98,627.10,3659.9,39.43,burn
4.980,413.91,625.54,3575.6,39.92,burn
4.981,412.23,625.48,3586.7,40.00,burn
4.982,420.46,626.51,3690.3,40.12,burn
4.983,416.14,628.37,3611.3,40.25,burn
4.984,414.21,626.23,3565.6,40.02,burn
4.985,408.61,628.13,3555.5,40.08,burn
4.986,418.19,625.22,3649.3,40.03,burn
4.987,417.55,626.89,3607.1,40.04,burn
4.988,412.83,626.96,3607.8,40.25,burn
4.989,416.19,626.04,3610.0,39.90,burn
4.990,417.79,627.14,3651.7,39.92,burn
4.991,411.00,625.91,3564.7,39.93,burn
4.992,417.26,626.62,3600.7,40.03,burn
4.993,415.67,625.65,3606.9,39.90,burn
4.994,412.28,623.78,3591.7,39.85,burn
4.995,413.80,625.25,3595.9,40.05,burn
4.996,413.77,624.11,3596.7,39.90,burn
4.997,412.92,622.27,3572.5,39.94,burn
4.998,413.95,626.85,3615.3,39.91,burn
4.999,409.33,624.46,3584.1,40.29,burn
5.000,414.46,624.57,3584.9,39.83,burn
5.001,420.43,624.18,3657.2,39.91,burn
5.002,416.03,622.66,3616.8,40.05,burn
5.003,412.91,623.94,3570.0,39.94,burn
5.004,416.43,626.65,3625.7,40.28,burn
5.005,416.97,623.42,3619.4,39.96,burn
5.006,416.49,624.84,3658.2,40.04,burn
5.007,418.27,623.73,3664.4,39.75,burn
5.008,412.01,624.92,3594.9,39.96,burn
5.009,418.05,625.28,3621.9,40.02,burn
5.010,411.46,627.20,3611.8,40.06,burn
5.011,415.49,624.04,3653.2,39.97,burn
5.012,410.21,625.60,3554.3,40.40,burn
5.013,415.76,622.33,3614.1,40.22,burn
5.014,409.83,624.65,3581.4,40.29,burn
5.015,415.57,625.31,3622.5,40.02,burn
5.016,423.58,626.70,3693.6,40.28,burn
5.017,409.68,623.22,3550.3,39.74,burn
5.018,415.32,622.70,3609.9,39.94,burn
5.019,415.61,622.09,3635.8,40.11,burn
5.020,414.86,621.77,3631.4,39.97,burn
5.021,416.82,622.95,3619.2,40.02,burn
5.022,410.81,622.19,3626.2,40.22,burn
5.023,419.82,623.09,3608.1,40.14,burn
5.024,416.51,621.50,3654.9,40.12,burn
5.025,417.07,625.54,3625.2,40.22,burn
5.026,414.78,624.19,3613.4,40.16,burn
5.027,417.49,625.24,3634.9,40.05,burn
5.028,410.91,623.50,3537.5,40.01,burn
5.029,417.74,623.61,3664.3,39.91,burn
5.030,413.19,620.64,3643.9,39.95,burn
5.031,416.07,622.42,3665.5,40.13,burn
5.032,417.16,620.57,3616.4,40.27,burn
5.033,417.16,621.18,3650.5,39.69,burn
5.034,417.63,623.38,3661.5,40.38,burn
5.035,416.31,622.67,3563.3,40.32,burn
5.036,411.01,623.38,3568.9,40.34,burn
5.037,418.23,623.46,3647.9,40.19,burn
5.038,415.97,622.63,3640.3,39.87,burn
5.039,415.87,627.53,3632.1,39.82,burn
5.040,410.85,622.17,3574.0,40.49,burn
5.041,414.91,624.29,3604.5,39.83,burn
5.042,416.47,622.60,3577.8,40.06,burn
5.043,416.32,622.47,3626.0,40.50,burn
5.044,415.54,624.18,3604.7,40.04,burn
5.045,418.38,624.25,3726.1,40.25,burn
5.046,411.85,621.48,3583.8,39.95,burn
5.047,411.11,622.11,3587.5,40.25,burn
5.048,409.25,623.53,3594.3,40.33,burn
5.049,415.76,622.61,3606.6,39.87,burn
5.050,416.59,620.21,3603.6,40.03,burn
5.051,415.59,621.82,3647.1,40.17,burn
5.052,415.42,621.88,3598.6,40.48,burn
5.053,408.87,621.24,3582.7,40.10,burn
5.054,416.43,622.93,3641.1,40.22,burn
5.055,414.07,620.24,3638.5,40.25,burn
5.056,420.22,622.15,3629.5,40.34,burn
5.057,411.27,624.98,3622.3,40.08,burn
5.058,411.69,622.89,3565.1,39.89,burn
5.059,416.06,620.02,3637.6,40.07,burn
5.060,409.43,620.31,3512.3,39.95,burn
5.061,412.63,621.39,3629.8,40.11,burn
5.062,419.21,621.87,3669.6,40.13,burn
5.063,416.32,622.33,3624.7,40.03,burn
5.064,413.79,622.23,3538.3,40.12,burn
5.065,420.36,621.72,3679.7,40.27,burn
5.066,416.24,620.89,3633.6,40.32,burn
5.067,415.82,619.11,3628.2,40.20,burn
5.068,413.39,621.99,3608.1,40.41,burn
5.069,418.90,622.79,3626.6,40.25,burn
5.070,409.99,621.96,3540.8,40.03,burn
5.071,418.77,624.13,3692.4,39.98,burn
5.072,417.88,623.66,3661.8,40.50,burn
5.073,415.13,622.27,3605.3,39.73,burn
5.074,421.08,618.38,3666.3,40.14,burn
5.075,415.83,620.55,3637.0,40.11,burn
5.076,416.05,622.39,3592.7,40.20,burn
5.077,412.45,620.10,3683.9,40.29,burn
5.078,413.60,622.16,3605.9,40.18,burn
5.079,416.85,621.32,3629.8,40.23,burn
5.080,416.82,621.20,3601.3,40.42,burn
5.081,415.98,620.07,3635.0,40.43,burn
5.082,415.90,621.09,3619.2,40.31,burn
5.083,418.85,623.30,3628.3,40.24,burn
5.084,414.31,621.67,3615.2,40.12,burn
5.085,416.14,621.27,3615.2,40.22,burn
5.086,410.40,622.23,3535.8,40.26,burn
5.087,417.56,619.69,3658.4,40.38,burn
5.088,414.19,620.37,3649.3,40.30,burn
5.089,419.85,620.83,3618.6,39.82,burn
5.090,416.85,619.63,3618.6,40.30,burn
5.091,416.40,621.07,3609.2,40.19,burn
5.092,409.60,617.23,3513.0,40.57,burn
5.093,410.51,617.55,3562.7,40.34,burn
5.094,414.67,619.68,3614.8,40.59,burn
5.095,413.04,619.33,3601.5,39.60,burn
5.096,413.41,619.44,3599.5,40.59,burn
5.097,413.90,620.53,3633.0,40.35,burn
5.098,412.44,620.85,3556.4,40.45,burn
5.099,417.61,620.67,3603.4,40.53,burn
5.100,416.25,620.08,3680.0,40.35,burn
5.101,419.74,619.95,3663.2,40.02,burn
5.102,411.97,617.16,3567.3,40.38,burn
5.103,421.35,618.14,3648.4,40.08,burn
5.104,413.34,619.65,3627.7,40.17,burn
5.105,415.58,620.38,3650.9,40.40,burn
5.106,420.85,618.06,3657.6,40.23,burn
5.107,418.27,619.43,3616.1,40.28,burn
5.108,410.37,621.52,3625.1,40.24,burn
5.109,417.58,622.19,3614.8,40.39,burn
5.110,419.61,620.06,3648.4,40.30,burn
5.111,416.33,617.44,3606.6,40.45,burn
5.112,416.99,619.74,3634.0,40.01,burn
5.113,412.11,617.28,3609.2,40.63,burn
5.114,414.90,620.69,3609.2,40.45,burn
5.115,413.52,618.72,3618.4,40.17,burn
5.116,410.99,619.50,3528.3,40.65,burn
5.117,412.58,618.71,3566.5,40.22,burn
5.118,413.67,618.65,3618.5,40.47,burn
5.119,412.48,620.81,3586.6,40.21,burn
5.120,412.70,616.87,3595.0,40.37,burn
5.121,412.91,618.52,3564.2,40.71,burn
5.122,419.16,619.98,3691.4,40.40,burn
5.123,419.36,620.21,3636.1,40.26,burn
5.124,422.25,618.20,3718.3,40.02,burn
5.125,412.70,616.77,3564.4,40.35,burn
5.126,416.07,616.93,3587.4,40.09,burn
5.127,415.36,618.45,3632.8,40.18,burn
5.128,413.32,618.19,3586.3,40.44,burn
5.129,412.62,617.73,3588.2,40.85,burn
5.130,417.74,619.43,3667.7,40.63,burn
5.131,417.90,617.59,3605.9,40.34,burn
5.132,421.15,616.12,3716.0,40.58,burn
5.133,411.63,616.40,3594.6,40.28,burn
5.134,419.27,616.25,3644.8,40.26,burn
5.135,413.44,616.67,3567.6,40.61,burn
5.136,411.88,617.77,3560.5,40.51,burn
5.137,417.68,616.38,3654.4,40.58,burn
5.138,414.82,616.39,3633.6,40.54,burn
5.139,419.89,617.23,3651.4,40.54,burn
5.140,409.58,615.80,3599.8,40.44,burn
5.141,418.47,621.05,3647.6,40.40,burn
5.142,412.11,617.90,3578.8,40.33,burn
5.143,412.80,619.39,3573.9,40.54,burn
5.144,408.82,615.61,3611.7,40.19,burn
5.145,416.81,617.53,3612.7,40.62,burn
5.146,413.80,617.54,3563.5,40.45,burn
5.147,418.75,618.58,3610.2,40.53,burn
5.148,415.83,616.81,3648.0,40.37,burn
5.149,412.08,613.98,3632.1,40.59,burn
5.150,411.89,616.70,3596.5,40.36,burn
5.151,411.64,616.19,3563.4,40.47,burn
5.152,411.02,615.36,3559.5,40.58,burn
5.153,416.50,614.27,3630.0,40.11,burn
5.154,411.70,618.37,3586.0,40.37,burn
5.155,413.17,617.07,3518.4,40.39,burn
5.156,415.01,616.63,3598.6,40.49,burn
5.157,414.17,615.44,3590.8,40.65,burn
5.158,415.21,616.40,3583.2,40.76,burn
5.159,417.10,618.87,3635.0,40.50,burn
5.160,416.46,618.91,3603.3,40.91,burn
5.161,411.69,616.05,3550.8,40.66,burn
5.162,414.96,614.26,3635.2,40.50,burn
5.163,410.54,614.55,3590.6,40.17,burn
5.164,414.10,616.31,3559.3,40.26,burn
5.165,416.29,616.79,3630.7,40.74,burn
5.166,413.94,616.79,3629.9,40.51,burn
5.167,416.31,618.00,3637.3,40.46,burn
5.168,419.19,615.97,3632.9,40.46,burn
5.169,419.21,616.80,3652.1,40.43,burn
5.170,408.41,614.92,3537.2,40.49,burn
5.171,412.94,616.61,3598.4,40.44,burn
5.172,414.62,615.91,3605.6,40.82,burn
5.173,418.19,617.49,3604.5,40.32,burn
5.174,413.83,615.02,3588.1,40.42,burn
5.175,420.20,613.57,3682.6,40.50,burn
5.176,416.84,616.60,3613.1,40.46,burn
5.177,412.34,611.42,3580.2,40.75,burn
5.178,412.37,615.21,3562.8,40.26,burn
5.179,412.68,616.57,3544.4,40.66,burn
5.180,410.04,613.12,3539.8,40.65,burn
5.181,414.17,614.11,3613.3,40.80,burn
5.182,419.19,619.07,3686.0,40.40,burn
5.183,416.26,614.39,3635.7,40.36,burn
5.184,418.63,615.70,3634.6,40.63,burn
5.185,413.17,615.73,3586.8,40.74,burn
5.186,412.52,614.04,3577.9,40.56,burn
5.187,413.75,614.73,3577.1,40.51,burn
5.188,412.28,615.01,3600.7,40.76,burn
5.189,420.89,616.81,3660.7,40.56,burn
5.190,414.15,612.30,3569.4,40.53,burn
5.191,418.05,615.30,3652.1,40.43,burn
5.192,415.97,613.55,3644.9,40.52,burn
5.193,413.31,616.03,3600.2,40.75,burn
5.194,418.05,613.69,3608.9,40.46,burn
5.195,416.72,613.33,3653.2,40.62,burn
5.196,416.14,613.84,3595.2,40.50,burn
5.197,414.95,613.83,3597.3,40.35,burn
5.198,415.83,615.52,3603.5,40.58,burn
5.199,416.69,613.76,3602.3,40.40,burn
5.200,420.20,613.55,3632.8,40.85,burn
5.201,414.17,612.62,3580.7,40.54,burn
5.202,413.65,614.34,3556.5,40.53,burn
5.203,411.57,613.14,3576.9,40.74,burn
5.204,414.65,614.85,3606.8,40.55,burn
5.205,416.07,613.21,3649.9,40.62,burn
5.206,420.41,613.58,3655.9,40.89,burn
5.207,411.72,613.54,3566.1,41.01,burn
5.208,408.76,615.37,3565.5,40.35,burn
5.209,413.38,609.71,3591.7,40.79,burn
5.210,414.20,614.42,3560.2,40.52,burn
5.211,412.83,614.75,3581.4,40.63,burn
5.212,421.83,613.62,3697.4,40.63,burn
5.213,406.40,612.34,3524.9,40.90,burn
5.214,411.63,612.64,3607.7,40.47,burn
5.215,413.38,612.70,3597.1,40.72,burn
5.216,416.35,611.92,3608.0,40.47,burn
5.217,417.35,612.47,3676.0,40.92,burn
5.218,415.15,611.93,3596.2,40.80,burn
5.219,416.76,612.95,3620.4,40.54,burn
5.220,414.02,613.47,3637.3,40.64,burn
5.221,409.95,611.26,3534.5,40.57,burn
5.222,415.01,609.93,3602.2,40.76,burn
5.223,411.69,614.17,3599.0,40.54,burn
5.224,408.14,612.01,3541.0,40.90,burn
5.225,412.41,613.48,3625.8,40.56,burn
5.226,413.75,612.15,3569.0,40.61,burn
5.227,414.92,611.00,3588.3,40.62,burn
5.228,415.01,613.04,3616.0,40.62,burn
5.229,415.33,611.41,3620.7,40.39,burn
5.230,419.71,611.67,3648.0,41.03,burn
5.231,415.82,609.31,3602.2,40.51,burn
5.232,415.78,609.25,3616.9,40.76,burn
5.233,419.34,613.97,3613.8,40.58,burn
5.234,418.48,610.96,3651.5,40.36,burn
5.235,412.50,611.11,3562.4,40.68,burn
5.236,416.18,611.39,3606.0,40.52,burn
5.237,412.62,612.40,3548.2,40.47,burn
5.238,415.13,607.61,3651.5,40.70,burn
5.239,419.58,616.59,3638.1,40.67,burn
5.240,415.38,612.13,3645.8,40.68,burn
5.241,413.95,614.35,3582.7,40.94,burn
5.242,411.03,608.52,3600.9,40.88,burn
5.243,416.17,611.29,3675.9,40.46,burn
5.244,414.73,610.21,3628.8,40.79,burn
5.245,417.49,612.25,3662.7,40.90,burn
5.246,417.22,612.15,3633.9,40.76,burn
5.247,417.32,610.29,3616.4,41.21,burn
5.248,418.54,611.04,3638.0,40.81,burn
5.249,414.57,610.61,3558.2,40.92,burn
5.250,419.12,613.53,3622.1,40.60,burn
5.251,410.01,612.27,3560.5,41.11,burn
5.252,418.46,612.78,3562.6,41.00,burn
5.253,411.78,610.66,3591.0,40.53,burn
5.254,409.70,612.38,3572.7,40.32,burn
5.255,414.34,612.72,3561.6,40.90,burn
5.256,414.14,609.59,3619.9,40.62,burn
5.257,417.74,612.20,3621.7,40.65,burn
5.258,412.67,611.20,3593.9,40.70,burn
5.259,411.38,613.66,3555.3,40.92,burn
5.260,415.39,610.76,3643.9,40.74,burn
5.261,416.44,610.42,3642.4,40.69,burn
5.262,412.49,609.33,3564.3,40.76,burn
5.263,415.38,612.10,3612.2,40.90,burn
5.264,411.41,608.74,3575.8,40.70,burn
5.265,415.38,610.08,3632.1,40.94,burn
5.266,414.91,609.02,3619.0,40.67,burn
5.267,407.51,607.16,3554.9,40.52,burn
5.268,416.43,610.69,3634.3,40.57,burn
5.269,414.43,610.87,3641.6,41.05,burn
5.270,412.05,609.48,3566.9,40.73,burn
5.271,420.64,611.78,3655.6,40.87,burn
5.272,416.40,609.07,3640.3,40.91,burn
5.273,413.66,612.63,3603.8,41.01,burn
5.274,413.15,611.54,3625.9,40.80,burn
5.275,415.78,608.97,3673.9,40.98,burn
5.276,417.57,605.93,3584.2,40.80,burn
5.277,415.38,609.33,3577.9,40.96,burn
5.278,416.69,611.09,3622.9,40.89,burn
5.279,412.14,611.43,3609.2,40.94,burn
5.280,414.36,612.85,3575.4,41.07,burn
5.281,418.10,610.44,3638.1,40.65,burn
5.282,415.35,611.40,3601.0,40.73,burn
5.283,416.82,609.17,3629.2,40.76,burn
5.284,414.15,607.04,3592.5,41.12,burn
5.285,418.91,608.90,3646.5,40.74,burn
5.286,413.04,610.19,3618.4,40.59,burn
5.287,412.59,608.89,3581.8,41.03,burn
5.288,411.05,607.27,3524.2,40.83,burn
5.289,415.89,609.51,3632.0,40.81,burn
5.290,414.59,609.82,3564.5,40.69,burn
5.291,417.53,608.62,3689.6,40.67,burn
5.292,413.58,609.84,3583.3,40.63,burn
5.293,410.27,608.43,3550.0,41.26,burn
5.294,415.13,607.77,3589.1,41.09,burn
5.295,412.31,610.43,3580.8,40.69,burn
5.296,413.04,609.90,3571.0,41.13,burn
5.297,418.17,608.24,3660.4,40.79,burn
5.298,416.36,608.85,3592.8,41.07,burn
5.299,413.62,611.27,3588.1,40.93,burn
5.300,414.88,610.12,3636.8,40.88,burn
5.301,411.41,605.37,3574.0,40.90,burn
5.302,410.89,608.36,3612.8,40.59,burn
5.303,416.65,607.52,3644.3,40.90,burn
5.304,418.45,605.54,3646.1,40.96,burn
5.305,416.20,605.49,3573.2,40.98,burn
5.306,411.84,607.64,3574.9,40.95,burn
5.307,414.62,606.28,3616.8,41.07,burn
5.308,414.71,606.64,3598.3,40.79,burn
5.309,414.81,609.00,3603.3,40.83,burn
5.310,411.00,607.79,3581.9,40.85,burn
5.311,416.39,607.43,3657.3,41.10,burn
5.312,414.40,608.83,3579.3,40.97,burn
5.313,411.63,606.77,3562.3,40.88,burn
5.314,409.44,607.82,3580.2,41.12,burn
5.315,411.34,609.33,3548.2,41.37,burn
5.316,412.64,608.37,3569.8,41.21,burn
5.317,415.68,606.45,3620.0,40.87,burn
5.318,417.31,606.34,3649.4,41.10,burn
5.319,410.32,606.40,3543.9,40.80,burn
5.320,417.00,606.64,3668.0,40.93,burn
5.321,417.38,609.93,3598.9,40.87,burn
5.322,412.72,609.30,3554.7,40.99,burn
5.323,412.69,608.11,3626.0,40.95,burn
5.324,420.58,608.12,3684.5,40.77,burn
5.325,414.27,609.10,3591.3,41.11,burn
5.326,416.79,607.69,3628.1,41.30,burn
5.327,413.94,604.98,3578.2,41.13,burn
5.328,414.11,608.14,3635.6,41.09,burn
5.329,410.55,605.59,3560.6,40.95,burn
5.330,414.32,607.91,3586.5,41.00,burn
5.331,411.45,607.91,3605.8,41.00,burn
5.332,412.11,608.91,3607.4,41.11,burn
5.333,416.45,606.19,3638.1,41.42,burn
5.334,413.34,605.37,3566.3,40.96,burn
5.335,421.47,606.99,3669.9,40.71,burn
5.336,414.21,608.69,3585.0,41.13,burn
5.337,417.43,603.68,3618.9,41.39,burn
5.338,416.10,605.59,3611.5,41.06,burn
5.339,410.61,607.32,3576.9,41.07,burn
5.340,408.25,606.96,3573.0,40.80,burn
5.341,409.95,606.60,3583.6,40.90,burn
5.342,414.39,606.28,3610.8,41.17,burn
5.343,418.22,606.75,3676.5,40.67,burn
5.344,413.05,605.34,3572.5,41.03,burn
5.345,415.46,606.75,3610.3,41.07,burn
5.346,415.50,604.89,3592.4,40.78,burn
5.347,422.94,606.10,3696.8,41.04,burn
5.348,413.34,603.66,3562.9,41.06,burn
5.349,413.43,604.29,3567.4,40.98,burn
5.350,414.82,605.65,3532.5,41.06,burn
5.351,415.38,605.21,3618.5,41.02,burn
5.352,408.07,604.41,3530.2,40.73,burn
5.353,414.93,605.80,3610.2,40.95,burn
5.354,413.18,606.61,3600.0,41.12,burn
5.355,414.54,604.41,3629.4,41.33,burn
5.356,412.04,606.81,3614.1,41.24,burn
5.357,417.41,605.92,3654.2,40.95,burn
5.358,418.17,607.27,3625.2,41.66,burn
5.359,416.64,605.50,3603.0,41.00,burn
5.360,417.62,604.43,3668.1,40.86,burn
5.361,412.33,605.91,3600.5,40.86,burn
5.362,412.39,605.57,3597.2,41.34,burn
5.363,413.15,603.30,3607.8,40.72,burn
5.364,417.10,603.96,3608.4,41.23,burn
5.365,417.82,605.97,3648.1,40.92,burn
5.366,417.71,602.64,3628.4,41.35,burn
5.367,415.50,602.37,3560.2,40.85,burn
5.368,415.85,606.68,3609.1,40.76,burn
5.369,417.47,603.00,3663.0,41.23,burn
5.370,412.91,604.12,3634.9,40.97,burn
5.371,413.92,604.02,3626.4,40.91,burn
5.372,416.18,604.28,3606.0,41.11,burn
5.373,419.70,602.18,3638.1,40.91,burn
5.374,416.88,602.89,3627.2,41.29,burn
5.375,414.90,605.54,3604.7,40.99,burn
5.376,413.51,604.14,3622.1,40.92,burn
5.377,415.43,602.75,3601.9,40.75,burn
5.378,406.80,604.12,3526.0,41.24,burn
5.379,417.15,604.03,3604.2,41.23,burn
5.380,416.46,605.48,3622.3,41.25,burn
5.381,412.44,604.44,3559.4,40.87,burn
5.382,416.01,603.89,3603.0,41.02,burn
5.383,415.19,602.93,3571.9,41.32,burn
5.384,411.91,604.82,3605.1,41.16,burn
5.385,419.11,603.89,3616.4,41.41,burn
5.386,415.52,604.83,3610.8,41.15,burn
5.387,411.87,602.93,3538.4,41.24,burn
5.388,421.51,604.72,3701.3,41.02,burn
5.389,414.86,605.73,3586.7,41.13,burn
5.390,412.98,603.41,3548.9,41.25,burn
5.391,417.24,601.68,3610.0,41.10,burn
5.392,417.67,604.92,3623.5,40.91,burn
5.393,415.94,603.41,3671.9,41.22,burn
5.394,406.28,602.56,3513.6,41.13,burn
5.395,414.84,603.27,3642.5,41.15,burn
5.396,414.78,602.24,3608.0,40.98,burn
5.397,414.68,598.91,3610.7,40.72,burn
5.398,416.87,606.01,3636.6,41.50,burn
5.399,415.75,605.95,3648.1,41.13,burn
5.400,414.27,605.19,3615.1,41.22,burn
5.401,410.61,604.14,3528.7,41.32,burn
5.402,417.03,602.99,3628.8,41.13,burn
5.403,414.25,604.13,3579.4,41.00,burn
5.404,415.48,602.76,3646.0,41.03,burn
5.405,418.48,603.47,3622.1,41.47,burn
5.406,417.55,602.51,3639.7,41.16,burn
5.407,415.57,600.28,3618.6,41.28,burn
5.408,412.31,602.36,3568.6,41.07,burn
5.409,412.45,597.70,3569.3,41.45,burn
5.410,411.10,604.94,3605.8,41.41,burn
5.411,413.34,603.90,3573.9,40.94,burn
5.412,420.33,602.45,3686.7,41.16,burn
5.413,414.71,600.18,3639.9,41.53,burn
5.414,414.91,602.42,3597.5,41.27,burn
5.415,415.20,601.18,3615.1,41.30,burn
5.416,416.73,601.01,3627.2,41.40,burn
5.417,418.57,598.63,3618.3,41.19,burn
5.418,414.37,603.81,3565.2,41.13,burn
5.419,417.42,601.76,3642.1,41.56,burn
5.420,424.31,602.26,3677.6,40.97,burn
5.421,407.45,601.67,3551.8,41.28,burn
5.422,414.08,601.81,3635.3,41.25,burn
5.423,414.78,603.02,3590.0,41.26,burn
5.424,415.10,602.98,3600.6,41.26,burn
5.425,415.59,599.04,3597.2,41.53,burn
5.426,413.03,602.47,3591.6,41.48,burn
5.427,424.44,602.11,3714.7,41.15,burn
5.428,414.09,600.02,3631.0,41.40,burn
5.429,415.68,600.56,3633.5,41.54,burn
5.430,414.34,601.27,3584.4,41.44,burn
5.431,416.60,602.37,3638.4,41.49,burn
5.432,416.59,601.46,3650.7,41.18,burn
5.433,415.93,604.52,3685.4,41.21,burn
5.434,419.24,599.86,3672.7,41.45,burn
5.435,414.58,601.65,3616.9,41.52,burn
5.436,418.03,601.95,3658.9,41.22,burn
5.437,410.58,602.00,3579.2,41.30,burn
5.438,418.06,602.91,3647.2,41.38,burn
5.439,416.62,598.50,3598.9,41.13,burn
5.440,416.73,604.19,3615.1,41.30,burn
5.441,415.42,598.55,3582.3,41.31,burn
5.442,414.02,598.35,3583.7,41.23,burn
5.443,407.97,600.86,3552.9,41.28,burn
5.444,413.30,600.06,3571.9,41.37,burn
5.445,414.25,603.21,3612.5,41.44,burn
5.446,412.70,598.74,3597.6,41.57,burn
5.447,416.25,601.84,3591.6,41.52,burn
5.448,413.89,600.94,3606.6,41.29,burn
5.449,416.62,601.15,3610.3,41.26,burn
5.450,413.23,598.23,3584.7,41.42,burn
5.451,416.38,599.33,3664.4,41.41,burn
5.452,415.26,597.95,3625.5,41.47,burn
5.453,414.52,597.58,3596.4,41.17,burn
5.454,411.64,600.43,3561.7,41.42,burn
5.455,418.90,601.09,3617.0,41.45,burn
5.456,413.88,599.47,3567.9,41.46,burn
5.457,411.31,597.52,3559.8,41.16,burn
5.458,419.01,598.78,3660.4,41.37,burn
5.459,412.46,601.45,3589.9,41.32,burn
5.460,412.33,599.91,3588.1,41.59,burn
5.461,415.48,600.49,3632.6,41.65,burn
5.462,410.70,599.39,3546.3,40.95,burn
5.463,413.01,601.30,3598.9,41.18,burn
5.464,409.60,599.89,3533.4,41.37,burn
5.465,409.30,598.47,3525.7,41.51,burn
5.466,414.96,601.40,3565.1,41.58,burn
5.467,414.37,600.38,3622.1,41.05,burn
5.468,418.76,601.12,3623.6,41.44,burn
5.469,420.41,598.04,3636.2,41.23,burn
5.470,415.82,598.16,3581.1,41.45,burn
5.471,416.24,599.02,3586.9,41.55,burn
5.472,411.44,598.25,3565.0,41.54,burn
5.473,413.64,597.97,3593.5,41.66,burn
5.474,415.30,599.66,3615.5,41.67,burn
5.475,417.95,599.11,3616.8,41.34,burn
5.476,416.83,598.81,3620.7,40.96,burn
5.477,414.49,597.56,3629.4,41.32,burn
5.478,414.44,599.69,3627.0,41.49,burn
5.479,412.54,599.84,3609.0,41.58,burn
5.480,410.77,596.48,3540.9,41.09,burn
5.481,412.28,597.75,3581.2,41.26,burn
5.482,414.80,599.16,3581.4,41.38,burn
5.483,415.66,600.01,3541.4,41.33,burn
5.484,414.34,598.85,3575.7,41.29,burn
5.485,415.87,602.70,3617.0,41.42,burn
5.486,420.42,596.18,3622.4,41.62,burn
5.487,415.65,597.73,3604.2,41.60,burn
5.488,414.08,596.17,3598.8,41.34,burn
5.489,414.67,597.16,3578.2,41.36,burn
5.490,408.95,595.18,3562.6,41.55,burn
5.491,416.67,596.88,3610.8,41.50,burn
5.492,415.69,596.63,3597.3,41.44,burn
5.493,415.73,599.56,3664.1,41.60,burn
5.494,412.33,596.46,3554.8,41.56,burn
5.495,412.58,598.76,3631.8,41.88,burn
5.496,410.77,597.65,3557.1,41.66,burn
5.497,415.13,597.09,3663.4,41.47,burn
5.498,423.53,594.75,3698.5,41.44,burn
5.499,416.34,595.97,3587.0,41.82,burn
5.500,21.12,598.39,196.2,41.36,shutdown
5.501,12.59,600.05,128.8,41.64,shutdown
5.502,15.45,598.63,120.9,41.85,shutdown
5.503,18.07,600.44,156.7,41.58,shutdown
5.504,18.62,599.29,122.3,41.49,shutdown
5.505,9.71,596.54,45.9,41.31,shutdown
5.506,13.55,599.17,151.4,41.49,shutdown
5.507,17.94,600.13,183.2,41.73,shutdown
5.508,19.94,598.16,196.9,41.55,shutdown
5.509,12.93,595.74,83.1,41.68,shutdown
5.510,12.59,597.71,144.6,41.89,shutdown
5.511,10.69,599.39,103.8,41.42,shutdown
5.512,14.52,596.18,179.4,41.63,shutdown
5.513,12.76,597.78,139.0,42.05,shutdown
5.514,20.11,598.41,220.4,41.42,shutdown
5.515,19.23,598.11,142.4,41.74,shutdown
5.516,15.57,596.95,105.9,41.66,shutdown
5.517,19.03,597.13,160.7,41.51,shutdown
5.518,17.25,597.81,154.4,41.54,shutdown
5.519,15.16,597.00,106.6,41.37,shutdown
5.520,17.19,595.18,144.0,41.82,shutdown
5.521,17.22,597.78,118.0,41.82,shutdown
5.522,15.08,592.97,125.3,41.48,shutdown
5.523,13.11,595.07,85.8,41.70,shutdown
5.524,14.33,598.73,139.0,41.77,shutdown
5.525,15.64,594.68,170.1,41.38,shutdown
5.526,19.03,594.72,159.5,41.17,shutdown
5.527,13.12,595.69,67.9,41.49,shutdown
5.528,14.52,595.53,94.2,41.79,shutdown
5.529,18.59,598.42,143.1,41.76,shutdown
5.530,13.50,595.15,86.2,41.51,shutdown
5.531,17.84,595.57,164.2,41.49,shutdown
5.532,11.92,596.24,122.9,41.71,shutdown
5.533,13.96,598.51,140.8,41.75,shutdown
5.534,14.28,597.43,132.5,41.56,shutdown
5.535,19.32,597.09,138.5,41.78,shutdown
5.536,15.27,594.59,140.6,41.68,shutdown
5.537,11.24,594.37,85.8,41.64,shutdown
5.538,11.24,593.68,127.2,41.29,shutdown
5.539,20.90,596.45,193.1,41.88,shutdown
5.540,16.62,594.34,164.4,41.71,shutdown
5.541,13.64,594.94,152.3,41.49,shutdown
5.542,17.52,595.63,148.0,41.71,shutdown
5.543,12.96,597.99,148.3,41.59,shutdown
5.544,16.15,597.65,97.8,41.86,shutdown
5.545,13.10,595.33,124.7,41.52,shutdown
5.546,15.39,596.52,122.5,41.52,shutdown
5.547,11.44,592.24,106.6,41.54,shutdown
5.548,16.16,595.61,153.2,41.55,shutdown
5.549,18.15,593.32,119.1,41.87,shutdown
5.550,14.46,593.69,149.0,41.33,shutdown
5.551,16.77,592.85,152.6,41.55,shutdown
5.552,12.72,595.73,91.6,41.66,shutdown
5.553,14.23,597.02,135.1,41.64,shutdown
5.554,15.59,596.30,144.2,42.01,shutdown
5.555,17.50,592.46,200.8,41.72,shutdown
5.556,15.21,593.41,142.3,41.25,shutdown
5.557,13.51,594.71,123.5,41.46,shutdown
5.558,11.56,594.50,107.3,41.57,shutdown
5.559,14.59,594.41,162.7,41.63,shutdown
5.560,11.52,593.85,54.2,41.60,shutdown
5.561,17.41,592.83,136.1,41.72,shutdown
5.562,9.65,595.81,96.7,41.81,shutdown
5.563,15.69,592.72,123.5,41.61,shutdown
5.564,14.26,595.73,87.9,41.51,shutdown
5.565,14.13,594.43,173.6,41.68,shutdown
5.566,14.92,594.02,128.6,41.70,shutdown
5.567,16.91,595.32,155.2,41.73,shutdown
5.568,15.93,596.12,128.2,41.69,shutdown
5.569,10.97,594.83,120.5,42.42,shutdown
5.570,18.16,592.55,131.9,41.86,shutdown
5.571,11.92,593.55,81.5,41.30,shutdown
5.572,14.29,593.37,136.1,41.48,shutdown
5.573,16.73,592.63,193.4,41.61,shutdown
5.574,14.64,593.50,173.4,41.82,shutdown
5.575,12.25,593.08,111.5,41.61,shutdown
5.576,12.78,594.62,135.6,41.70,shutdown
5.577,13.55,591.79,76.2,41.79,shutdown
5.578,19.37,591.16,161.2,41.77,shutdown
5.579,10.99,593.52,109.8,41.87,shutdown
5.580,18.15,593.67,181.9,41.71,shutdown
5.581,11.00,594.87,74.0,41.90,shutdown
5.582,13.41,592.33,114.3,41.66,shutdown
5.583,16.47,594.80,162.2,41.79,shutdown
5.584,12.64,593.54,138.7,41.60,shutdown
5.585,14.71,593.38,156.5,42.01,shutdown
5.586,14.10,591.97,121.7,42.09,shutdown
5.587,12.12,591.34,113.3,41.71,shutdown
5.588,19.93,593.52,131.4,41.76,shutdown
5.589,14.48,591.24,131.0,41.46,shutdown
5.590,19.61,594.65,174.3,41.71,shutdown
5.591,8.63,590.60,72.3,41.82,shutdown
5.592,18.25,590.97,175.4,41.75,shutdown
5.593,14.94,592.54,116.2,41.53,shutdown
5.594,14.61,592.22,150.8,42.00,shutdown
5.595,18.35,593.09,193.7,41.81,shutdown
5.596,17.73,593.73,131.0,41.38,shutdown
5.597,18.73,595.39,161.9,41.59,shutdown
5.598,17.48,594.56,144.0,41.53,shutdown
5.599,14.25,590.98,66.7,41.50,shutdown
5.600,13.66,591.53,111.6,41.74,shutdown
5.601,13.45,591.13,113.9,41.59,shutdown
5.602,11.51,592.15,131.3,41.53,shutdown
5.603,18.03,590.08,147.9,41.82,shutdown
5.604,17.40,590.04,173.0,41.71,shutdown
5.605,15.98,591.80,132.9,41.69,shutdown
5.606,13.78,591.39,155.1,41.64,shutdown
5.607,12.62,592.16,98.4,41.78,shutdown
5.608,13.78,592.39,95.0,41.67,shutdown
5.609,14.33,588.84,75.8,41.93,shutdown
5.610,16.54,591.62,141.1,41.76,shutdown
5.611,16.93,591.29,161.0,41.81,shutdown
5.612,10.29,592.55,110.4,42.15,shutdown
5.613,15.26,591.43,113.4,41.51,shutdown
5.614,15.46,590.16,162.8,42.03,shutdown
5.615,15.92,590.32,107.8,41.84,shutdown
5.616,11.83,590.81,112.9,42.03,shutdown
5.617,15.72,591.01,165.2,41.96,shutdown
5.618,14.02,590.52,85.6,41.97,shutdown
5.619,16.52,590.45,145.9,42.27,shutdown
5.620,16.08,590.97,141.3,41.92,shutdown
5.621,17.08,590.59,120.6,41.43,shutdown
5.622,19.46,590.24,173.5,42.22,shutdown
5.623,16.44,594.09,139.5,41.68,shutdown
5.624,16.72,592.04,173.4,41.89,shutdown
5.625,17.81,590.53,178.3,41.92,shutdown
5.626,12.52,590.73,117.6,41.96,shutdown
5.627,13.49,590.86,105.5,41.92,shutdown
5.628,14.91,589.20,107.3,41.65,shutdown
5.629,14.03,589.56,124.2,41.93,shutdown
5.630,19.83,588.10,169.0,41.51,shutdown
5.631,15.15,588.93,127.0,42.20,shutdown
5.632,11.33,590.90,65.3,41.92,shutdown
5.633,10.04,587.54,93.4,41.47,shutdown
5.634,22.98,590.34,163.0,41.81,shutdown
5.635,14.97,589.79,119.7,41.89,shutdown
5.636,18.01,588.64,178.2,41.94,shutdown
5.637,17.00,591.46,177.9,41.87,shutdown
5.638,20.32,590.20,202.3,41.97,shutdown
5.639,14.84,589.26,139.9,41.59,shutdown
5.640,7.86,591.29,52.3,41.84,shutdown
5.641,11.24,590.66,105.5,41.83,shutdown
5.642,14.37,589.03,98.4,41.90,shutdown
5.643,13.25,587.12,115.0,41.69,shutdown
5.644,16.86,589.13,116.9,42.04,shutdown
5.645,13.56,587.77,111.9,42.12,shutdown
5.646,20.66,590.08,152.2,42.05,shutdown
5.647,13.12,591.11,110.2,41.75,shutdown
5.648,16.22,591.75,162.8,41.96,shutdown
5.649,10.48,588.68,107.1,41.79,shutdown
5.650,18.01,590.56,166.7,41.64,shutdown
5.651,10.25,588.43,49.6,42.22,shutdown
5.652,15.32,589.21,150.5,41.54,shutdown
5.653,14.50,590.76,85.9,42.02,shutdown
5.654,11.14,589.20,81.9,42.05,shutdown
5.655,12.37,589.81,116.9,41.76,shutdown
5.656,16.25,590.60,105.6,42.00,shutdown
5.657,12.98,588.44,95.7,41.71,shutdown
5.658,16.71,589.90,151.5,41.92,shutdown
5.659,13.56,592.55,130.0,41.91,shutdown
5.660,15.84,588.94,121.8,41.93,shutdown
5.661,13.15,588.56,122.4,41.81,shutdown
5.662,17.38,589.81,154.9,41.29,shutdown
5.663,13.69,588.21,87.3,42.25,shutdown
5.664,11.35,589.64,126.3,42.00,shutdown
5.665,15.85,589.35,175.7,42.26,shutdown
5.666,18.01,587.80,167.4,42.10,shutdown
5.667,12.97,588.21,109.4,42.16,shutdown
5.668,14.68,589.66,102.8,42.06,shutdown
5.669,13.92,587.41,107.2,41.86,shutdown
5.670,17.90,585.62,174.1,41.95,shutdown
5.671,12.99,585.23,123.3,41.65,shutdown
5.672,12.53,588.44,109.2,41.98,shutdown
5.673,12.88,586.72,100.3,42.01,shutdown
5.674,17.42,585.95,120.0,41.96,shutdown
5.675,14.45,585.56,129.3,42.61,shutdown
5.676,17.63,587.52,180.1,42.13,shutdown
5.677,14.35,587.63,137.4,42.04,shutdown
5.678,15.04,588.51,171.3,42.18,shutdown
5.679,12.28,588.03,110.6,42.17,shutdown
5.680,14.64,590.32,118.2,42.00,shutdown
5.681,10.35,589.07,76.7,41.94,shutdown
5.682,15.37,587.50,144.2,42.17,shutdown
5.683,11.97,589.08,112.5,41.91,shutdown
5.684,15.10,587.95,172.5,42.10,shutdown
5.685,15.41,585.39,180.8,42.07,shutdown
5.686,16.68,588.23,176.0,41.84,shutdown
5.687,14.71,589.05,115.8,42.22,shutdown
5.688,13.63,586.57,117.2,42.20,shutdown
5.689,21.65,587.69,202.6,42.21,shutdown
5.690,18.96,586.93,157.5,42.10,shutdown
5.691,16.15,588.22,139.2,42.00,shutdown
5.692,11.93,587.55,124.0,42.01,shutdown
5.693,16.46,589.24,207.1,42.05,shutdown
5.694,12.30,584.84,76.1,42.10,shutdown
5.695,17.79,589.67,209.3,42.32,shutdown
5.696,14.12,586.84,113.9,41.86,shutdown
5.697,14.61,586.40,157.8,42.26,shutdown
5.698,20.18,585.61,170.7,41.86,shutdown
5.699,18.88,587.13,106.6,42.44,shutdown
5.700,16.44,587.73,117.5,42.04,shutdown
5.701,14.29,587.37,139.6,42.31,shutdown
5.702,11.41,586.22,136.1,42.42,shutdown
5.703,17.89,583.68,174.2,41.96,shutdown
5.704,14.86,586.16,157.3,42.12,shutdown
5.705,14.87,585.51,130.2,41.99,shutdown
5.706,8.87,586.10,47.5,42.60,shutdown
5.707,11.71,584.46,112.7,41.92,shutdown
5.708,9.01,586.09,67.1,41.78,shutdown
5.709,15.20,584.21,153.6,42.33,shutdown
5.710,14.64,585.57,128.0,42.08,shutdown
5.711,9.51,585.97,107.7,42.18,shutdown
5.712,14.82,586.40,87.6,41.99,shutdown
5.713,12.31,586.80,105.1,42.18,shutdown
5.714,7.68,585.46,73.4,42.22,shutdown
5.715,16.55,581.24,128.5,42.26,shutdown
5.716,20.72,585.22,191.7,42.43,shutdown
5.717,13.05,584.34,122.6,42.42,shutdown
5.718,16.87,584.61,148.6,42.32,shutdown
5.719,14.90,586.16,105.4,42.17,shutdown
5.720,13.77,587.08,129.2,42.10,shutdown
5.721,21.40,587.95,213.9,42.29,shutdown
5.722,11.46,585.70,67.6,42.23,shutdown
5.723,16.99,585.59,176.9,42.24,shutdown
5.724,11.10,588.33,88.3,42.39,shutdown
5.725,11.69,584.13,73.6,42.04,shutdown
5.726,17.15,585.69,198.3,42.10,shutdown
5.727,12.02,587.26,106.8,41.95,shutdown
5.728,14.95,584.42,139.2,42.18,shutdown
5.729,13.37,584.76,171.3,42.25,shutdown
5.730,15.65,583.54,181.4,42.27,shutdown
5.731,12.82,583.77,115.1,42.01,shutdown
5.732,16.44,586.76,168.1,42.09,shutdown
5.733,12.22,586.70,128.8,42.49,shutdown
5.734,14.90,583.16,117.2,42.34,shutdown
5.735,13.93,584.96,98.0,41.92,shutdown
5.736,11.60,583.56,106.1,42.29,shutdown
5.737,10.88,582.06,83.4,42.44,shutdown
5.738,13.12,584.71,134.8,42.45,shutdown
5.739,7.87,583.19,46.9,42.35,shutdown
5.740,21.93,586.37,198.2,42.22,shutdown
5.741,17.74,584.82,89.9,42.23,shutdown
5.742,16.28,584.97,143.6,42.07,shutdown
5.743,20.13,586.31,171.4,42.06,shutdown
5.744,8.35,583.23,83.5,42.25,shutdown
5.745,17.10,585.96,120.5,42.41,shutdown
5.746,10.27,579.55,111.1,42.16,shutdown
5.747,16.00,584.23,111.1,42.65,shutdown
5.748,14.81,585.53,169.3,42.32,shutdown
5.749,10.11,584.96,101.0,42.31,shutdown
5.750,16.99,586.40,121.2,42.22,shutdown
5.751,18.39,581.81,154.7,41.84,shutdown
5.752,15.81,582.46,145.8,42.39,shutdown
5.753,15.53,584.78,173.1,42.40,shutdown
5.754,15.49,583.53,165.4,41.90,shutdown
5.755,10.99,578.73,84.4,42.55,shutdown
5.756,14.83,582.19,130.0,42.10,shutdown
5.757,17.13,584.74,162.2,42.19,shutdown
5.758,15.91,580.87,148.6,42.36,shutdown
5.759,19.68,587.05,149.0,42.03,shutdown
5.760,15.58,581.66,160.5,42.44,shutdown
5.761,12.28,583.89,92.3,42.56,shutdown
5.762,16.24,583.71,134.3,42.34,shutdown
5.763,16.96,582.55,131.6,42.37,shutdown
5.764,13.59,582.04,105.9,42.69,shutdown
5.765,16.80,582.94,148.1,42.37,shutdown
5.766,17.46,580.35,132.2,42.41,shutdown
5.767,13.24,583.41,98.3,42.84,shutdown
5.768,17.42,582.09,163.6,42.14,shutdown
5.769,18.04,580.33,169.8,42.35,shutdown
5.770,11.44,584.46,122.2,42.56,shutdown
5.771,14.92,582.90,129.5,42.20,shutdown
5.772,17.32,584.13,120.7,41.71,shutdown
5.773,15.30,581.81,121.1,42.13,shutdown
5.774,17.35,579.50,156.1,42.40,shutdown
5.775,13.65,584.01,115.9,42.52,shutdown
5.776,11.26,581.67,98.5,42.39,shutdown
5.777,15.38,581.69,139.4,42.32,shutdown
5.778,9.08,581.03,70.9,42.53,shutdown
5.779,15.83,584.88,140.6,42.32,shutdown
5.780,19.48,581.89,124.5,42.54,shutdown
5.781,16.16,582.13,171.0,42.31,shutdown
5.782,13.76,586.19,93.3,42.24,shutdown
5.783,13.16,581.99,138.0,42.49,shutdown
5.784,14.89,581.85,197.2,42.74,shutdown
5.785,21.20,580.95,212.2,42.51,shutdown
5.786,17.37,578.56,134.4,42.21,shutdown
5.787,14.66,581.64,142.6,42.34,shutdown
5.788,13.93,584.31,114.1,42.11,shutdown
5.789,15.61,581.06,117.3,42.29,shutdown
5.790,20.56,584.31,203.1,42.38,shutdown
5.791,11.97,581.31,147.3,42.29,shutdown
5.792,12.93,581.58,118.8,42.16,shutdown
5.793,13.40,580.32,149.4,42.42,shutdown
5.794,14.81,582.42,108.9,42.38,shutdown
5.795,15.99,583.28,138.2,42.74,shutdown
5.796,20.84,582.06,207.2,42.25,shutdown
5.797,17.09,581.98,127.0,42.07,shutdown
5.798,10.07,581.15,67.5,42.15,shutdown
5.799,10.85,581.72,71.9,42.74,shutdown
5.800,14.27,579.65,118.4,42.19,shutdown
5.801,15.16,582.12,96.4,42.42,shutdown
5.802,16.15,581.06,171.1,42.33,shutdown
5.803,13.01,579.90,60.8,42.22,shutdown
5.804,14.24,578.39,106.2,42.54,shutdown
5.805,11.53,581.23,131.6,42.25,shutdown
5.806,11.94,581.49,83.7,42.10,shutdown
5.807,14.78,580.73,173.5,42.43,shutdown
5.808,17.97,579.97,142.0,42.14,shutdown
5.809,11.12,580.09,107.2,42.21,shutdown
5.810,18.22,581.42,158.2,42.64,shutdown
5.811,14.22,578.68,154.3,42.62,shutdown
5.812,12.39,578.82,108.4,42.31,shutdown
5.813,17.16,581.48,145.1,42.76,shutdown
5.814,14.12,579.83,139.7,42.53,shutdown
5.815,15.55,580.09,159.1,42.00,shutdown
5.816,14.43,582.29,92.9,42.57,shutdown
5.817,14.47,581.62,122.9,42.36,shutdown
5.818,14.43,579.18,174.9,42.25,shutdown
5.819,16.58,579.47,149.1,42.41,shutdown
5.820,12.52,581.36,131.0,42.51,shutdown
5.821,18.83,579.51,167.8,42.73,shutdown
5.822,17.70,578.97,178.4,42.93,shutdown
5.823,17.15,581.69,117.9,42.56,shutdown
5.824,16.20,578.31,140.3,42.73,shutdown
5.825,15.66,580.97,142.7,42.57,shutdown
5.826,18.74,576.34,195.3,42.53,shutdown
5.827,17.58,578.93,117.4,42.56,shutdown
5.828,15.79,579.62,109.9,42.33,shutdown
5.829,16.19,580.16,164.4,42.53,shutdown
5.830,19.75,576.64,190.3,42.47,shutdown
5.831,19.91,577.71,175.1,42.36,shutdown
5.832,19.38,580.21,175.4,42.75,shutdown
5.833,14.51,579.02,172.4,42.45,shutdown
5.834,19.43,577.41,160.2,42.44,shutdown
5.835,14.29,578.96,102.5,42.89,shutdown
5.836,17.70,581.00,191.8,42.35,shutdown
5.837,16.84,579.52,147.6,42.41,shutdown
5.838,14.90,576.97,133.6,42.40,shutdown
5.839,17.06,580.96,138.2,42.88,shutdown
5.840,17.41,579.69,134.4,42.34,shutdown
5.841,14.28,579.53,111.4,42.44,shutdown
5.842,15.45,579.24,116.5,42.49,shutdown
5.843,12.19,578.76,124.7,42.33,shutdown
5.844,22.64,578.94,205.9,42.69,shutdown
5.845,12.71,578.55,105.1,42.55,shutdown
5.846,16.43,577.01,109.5,42.94,shutdown
5.847,15.39,578.65,156.5,42.50,shutdown
5.848,18.12,576.09,131.3,42.76,shutdown
5.849,13.52,580.29,134.8,42.50,shutdown
5.850,18.02,581.33,175.2,42.39,shutdown
5.851,19.15,578.42,203.0,42.39,shutdown
5.852,16.03,579.68,84.8,42.37,shutdown
5.853,14.03,577.10,85.2,42.78,shutdown
5.854,16.88,579.82,150.9,42.55,shutdown
5.855,11.55,578.28,94.0,42.26,shutdown
5.856,15.50,574.09,157.2,42.54,shutdown
5.857,18.95,574.91,153.2,42.50,shutdown
5.858,15.64,577.23,142.0,42.60,shutdown
5.859,8.29,576.25,56.4,42.41,shutdown
5.860,12.85,579.70,109.0,43.08,shutdown
5.861,14.88,577.83,53.7,42.78,shutdown
5.862,13.77,578.04,129.4,42.09,shutdown
5.863,9.29,574.38,94.2,42.80,shutdown
5.864,11.30,578.81,137.2,42.60,shutdown
5.865,17.38,576.23,129.2,42.72,shutdown
5.866,15.15,576.72,123.4,42.34,shutdown
5.867,7.10,575.58,67.1,42.28,shutdown
5.868,17.95,576.96,150.5,42.56,shutdown
5.869,14.31,578.25,86.7,42.42,shutdown
5.870,14.66,574.63,161.9,42.98,shutdown
5.871,11.10,577.81,51.6,42.67,shutdown
5.872,16.40,576.40,108.8,42.72,shutdown
5.873,12.83,577.46,97.8,42.72,shutdown
5.874,14.01,576.90,110.6,42.74,shutdown
5.875,11.54,578.52,117.0,42.61,shutdown
5.876,8.46,577.78,68.0,42.38,shutdown
5.877,18.94,576.91,180.6,42.53,shutdown
5.878,11.72,573.78,105.4,42.58,shutdown
5.879,12.63,576.64,88.9,42.47,shutdown
5.880,14.80,575.93,153.5,42.19,shutdown
5.881,17.11,578.82,170.1,42.51,shutdown
5.882,13.25,579.70,73.0,42.73,shutdown
5.883,16.47,577.19,163.5,42.65,shutdown
5.884,20.47,575.21,166.0,42.64,shutdown
5.885,16.20,573.75,164.5,42.84,shutdown
5.886,13.03,576.21,170.8,42.77,shutdown
5.887,18.45,574.48,214.0,42.45,shutdown
5.888,12.38,575.71,114.5,42.56,shutdown
5.889,13.71,576.10,136.9,42.84,shutdown
5.890,16.65,575.43,115.3,42.65,shutdown
5.891,16.28,575.53,161.1,42.69,shutdown
5.892,10.33,574.20,79.3,42.50,shutdown
5.893,21.13,576.07,176.8,42.91,shutdown
5.894,16.85,575.45,106.9,42.98,shutdown
5.895,18.96,576.80,107.6,42.54,shutdown
5.896,15.02,578.55,146.9,43.03,shutdown
5.897,19.47,574.44,163.7,42.91,shutdown
5.898,13.27,571.32,151.0,42.83,shutdown
5.899,14.83,575.06,136.5,42.37,shutdown
5.900,14.89,575.31,125.4,42.90,shutdown
5.901,17.27,576.51,148.9,42.91,shutdown
5.902,10.89,575.53,156.8,42.72,shutdown
5.903,17.62,575.06,147.5,43.11,shutdown
5.904,13.96,574.58,147.8,42.75,shutdown
5.905,13.26,578.13,125.8,43.04,shutdown
5.906,15.87,574.69,129.5,42.90,shutdown
5.907,9.12,576.43,76.3,42.92,shutdown
5.908,16.79,577.34,117.8,42.47,shutdown
5.909,12.48,574.55,167.8,42.82,shutdown
5.910,16.23,574.92,143.8,42.55,shutdown
5.911,16.55,573.59,115.7,42.47,shutdown
5.912,24.41,576.52,225.0,42.19,shutdown
5.913,7.01,576.11,70.2,42.77,shutdown
5.914,12.28,575.25,113.2,42.30,shutdown
5.915,20.86,574.94,198.6,42.85,shutdown
5.916,12.07,577.53,134.8,43.03,shutdown
5.917,14.41,576.65,140.3,42.51,shutdown
5.918,14.21,572.82,151.2,43.11,shutdown
5.919,13.10,574.59,115.0,42.97,shutdown
5.920,20.89,575.83,129.9,42.52,shutdown
5.921,15.00,575.23,121.4,42.50,shutdown
5.922,13.69,575.50,87.0,42.90,shutdown
5.923,19.13,575.02,139.1,42.61,shutdown
5.924,13.56,575.60,113.9,42.98,shutdown
5.925,14.64,575.78,129.3,42.89,shutdown
5.926,14.42,575.89,128.5,42.68,shutdown
5.927,20.50,573.45,168.2,42.76,shutdown
5.928,13.67,575.73,128.8,42.75,shutdown
5.929,11.02,573.38,122.6,42.92,shutdown
5.930,16.97,572.50,150.0,43.15,shutdown
5.931,11.97,570.82,95.4,42.62,shutdown
5.932,12.93,574.15,131.7,42.54,shutdown
5.933,15.89,571.97,155.7,42.89,shutdown
5.934,13.97,572.90,150.7,42.72,shutdown
5.935,11.24,574.52,68.5,42.42,shutdown
5.936,14.92,574.75,133.1,42.88,shutdown
5.937,11.59,570.81,99.3,42.67,shutdown
5.938,15.39,574.69,110.0,42.60,shutdown
5.939,11.48,572.91,106.5,42.56,shutdown
5.940,13.89,574.54,120.2,42.87,shutdown
5.941,20.36,575.05,189.8,42.59,shutdown
5.942,12.41,572.39,77.4,42.62,shutdown
5.943,15.06,574.01,152.8,42.77,shutdown
5.944,18.17,572.80,185.4,43.14,shutdown
5.945,18.31,571.43,219.0,42.89,shutdown
5.946,16.96,572.57,162.6,42.79,shutdown
5.947,14.87,574.30,141.5,43.03,shutdown
5.948,18.51,574.06,181.4,43.16,shutdown
5.949,13.79,573.96,92.3,42.57,shutdown
5.950,21.18,572.31,187.6,42.93,shutdown
5.951,15.63,570.06,123.2,43.06,shutdown
5.952,10.30,573.78,62.0,42.44,shutdown
5.953,22.39,572.14,191.7,42.98,shutdown
5.954,13.62,572.58,94.0,42.91,shutdown
5.955,16.33,572.57,106.9,42.97,shutdown
5.956,17.77,572.82,137.0,42.57,shutdown
5.957,18.11,572.30,167.5,42.64,shutdown
5.958,12.78,572.77,99.7,42.90,shutdown
5.959,13.41,571.98,113.8,42.22,shutdown
5.960,15.26,570.65,155.5,43.02,shutdown
5.961,23.95,571.47,196.6,43.00,shutdown
5.962,16.41,573.70,171.3,42.68,shutdown
5.963,14.88,575.10,148.8,43.19,shutdown
5.964,15.74,573.74,114.3,42.85,shutdown
5.965,17.87,569.94,184.3,42.75,shutdown
5.966,20.36,570.49,157.6,42.42,shutdown
5.967,14.64,570.90,96.0,43.00,shutdown
5.968,13.15,571.29,128.4,42.50,shutdown
5.969,13.22,570.01,148.3,42.83,shutdown
5.970,13.25,572.54,119.5,42.83,shutdown
5.971,17.67,570.78,216.7,43.32,shutdown
5.972,16.49,571.01,135.8,42.88,shutdown
5.973,17.14,572.86,173.3,42.98,shutdown
5.974,20.26,571.05,147.3,43.26,shutdown
5.975,14.33,569.15,104.1,42.93,shutdown
5.976,18.30,572.71,168.1,42.88,shutdown
5.977,16.39,571.99,122.8,42.83,shutdown
5.978,13.64,570.25,84.9,42.53,shutdown
5.979,13.54,570.26,139.3,42.80,shutdown
5.980,14.05,571.38,135.9,43.15,shutdown
5.981,15.29,568.08,136.0,43.04,shutdown
5.982,17.85,573.12,148.5,42.83,shutdown
5.983,18.09,573.75,222.3,42.86,shutdown
5.984,15.96,569.63,129.7,42.60,shutdown
5.985,18.17,568.17,118.9,43.22,shutdown
5.986,15.81,568.33,150.3,42.93,shutdown
5.987,16.05,572.11,180.8,43.14,shutdown
5.988,14.63,571.77,141.4,43.27,shutdown
5.989,21.01,572.70,162.2,43.29,shutdown
5.990,19.90,569.92,170.4,43.32,shutdown
5.991,13.53,571.68,137.5,43.05,shutdown
5.992,17.61,569.17,151.6,42.72,shutdown
5.993,15.72,568.88,169.9,43.08,shutdown
5.994,14.32,568.77,108.1,43.26,shutdown
5.995,17.22,568.37,175.6,42.69,shutdown
5.996,15.54,570.53,149.3,43.01,shutdown
5.997,15.48,570.60,157.7,42.90,shutdown
5.998,14.32,572.58,123.5,43.06,shutdown
5.999,14.72,570.66,125.9,43.05,shutdown
